user,amount,timestamp
0.0,1000.0,2018-02-15 22:10:28
0.0,1000.0,2015-12-11 17:42:20
0.0,1000.0,2015-09-10 18:40:50
1.0,75.0,2017-07-31 18:37:39
1.0,100.0,2018-01-09 21:30:33
1.0,75.0,2015-03-16 19:30:19
1.0,75.0,2016-10-04 21:27:36
1.0,75.0,2017-09-06 15:19:50
1.0,75.0,2015-08-10 14:16:55
1.0,75.0,2017-05-19 22:37:01
1.0,100.0,2016-12-14 12:16:22
4.0,25.0,2018-03-13 17:11:15
4.0,25.0,2017-06-09 17:16:42
4.0,25.0,2017-07-20 22:29:37
4.0,25.0,2018-02-27 15:34:57
5.0,25.0,2017-11-10 19:50:31
5.0,25.0,2016-08-28 16:23:34
6.0,25.0,2017-12-16 12:51:49
6.0,50.0,2017-10-13 21:53:16
6.0,25.0,2018-04-09 16:13:33
7.0,1500.0,2018-02-13 21:41:34
7.0,2000.0,2018-05-14 21:47:21
7.0,1500.0,2017-01-18 17:36:42
7.0,1500.0,2017-10-30 21:39:17
8.0,100.0,2017-11-27 16:55:04
8.0,100.0,2017-05-18 20:47:05
8.0,100.0,2017-07-08 12:32:06
8.0,100.0,2017-11-04 13:31:59
8.0,250.0,2016-11-29 19:23:26
8.0,100.0,2017-07-29 11:19:15
8.0,100.0,2017-11-30 16:55:31
8.0,100.0,2017-02-27 11:12:19
8.0,250.0,2017-11-14 13:51:49
8.0,250.0,2017-10-31 12:19:54
10.0,50.0,2018-04-14 14:45:08
10.0,50.0,2018-06-03 18:25:35
10.0,25.0,2018-01-18 13:09:54
10.0,25.0,2017-08-07 11:04:39
10.0,25.0,2018-01-30 21:14:51
10.0,25.0,2018-04-25 18:27:46
10.0,25.0,2017-08-27 14:22:57
11.0,25.0,2017-07-20 17:05:37
11.0,25.0,2017-07-08 22:46:04
12.0,100.0,2015-08-22 14:53:53
12.0,100.0,2016-05-03 13:12:03
12.0,75.0,2015-10-16 13:21:54
12.0,100.0,2015-10-23 17:00:16
12.0,100.0,2015-03-21 12:21:18
12.0,75.0,2016-10-23 21:10:31
12.0,100.0,2018-02-11 22:26:20
12.0,100.0,2017-05-12 21:30:04
12.0,75.0,2016-02-14 21:36:00
15.0,25.0,2015-12-09 20:00:12
15.0,25.0,2016-03-20 17:51:58
15.0,25.0,2018-02-12 17:00:58
15.0,25.0,2016-04-23 22:11:07
15.0,25.0,2017-08-24 11:49:42
15.0,50.0,2018-02-22 11:08:49
15.0,25.0,2017-07-07 15:38:28
15.0,25.0,2017-12-17 14:57:46
15.0,50.0,2017-07-10 20:16:13
16.0,250.0,2017-11-21 22:28:21
17.0,50.0,2017-09-04 11:44:00
17.0,25.0,2018-04-03 12:10:26
17.0,25.0,2015-09-18 15:12:31
17.0,25.0,2018-03-22 12:25:19
17.0,50.0,2016-03-30 13:07:42
17.0,25.0,2017-09-01 19:05:18
18.0,100.0,2018-05-22 13:07:25
20.0,50.0,2016-10-03 21:14:27
20.0,50.0,2016-08-28 18:05:14
20.0,50.0,2016-07-08 16:11:30
20.0,50.0,2018-05-16 16:52:44
20.0,50.0,2017-06-05 21:34:27
20.0,50.0,2016-07-25 15:52:29
23.0,75.0,2017-08-08 21:44:26
23.0,100.0,2017-01-19 18:39:08
23.0,75.0,2018-05-20 18:38:58
23.0,75.0,2017-06-02 16:19:18
23.0,100.0,2015-12-02 22:36:39
23.0,75.0,2017-06-07 12:17:09
23.0,75.0,2018-02-11 22:55:45
23.0,75.0,2018-01-25 13:33:32
24.0,100.0,2016-11-13 15:27:48
24.0,100.0,2015-12-04 12:40:39
24.0,100.0,2017-09-07 12:08:46
25.0,25.0,2018-02-05 22:43:44
25.0,25.0,2017-06-30 22:32:03
26.0,50.0,2017-07-05 12:49:17
26.0,25.0,2017-11-09 21:19:27
26.0,50.0,2018-01-30 20:38:39
26.0,25.0,2018-04-15 21:23:42
29.0,50.0,2017-07-08 11:32:32
29.0,50.0,2017-05-06 14:18:23
29.0,75.0,2017-11-25 20:08:47
30.0,25.0,2016-10-31 17:19:10
30.0,25.0,2018-05-08 13:19:40
30.0,25.0,2018-01-29 19:19:22
30.0,25.0,2018-02-22 20:22:50
30.0,25.0,2016-02-02 14:25:44
30.0,25.0,2017-04-29 15:25:23
31.0,25.0,2015-09-22 13:52:41
31.0,25.0,2017-10-25 22:43:33
31.0,50.0,2017-05-19 15:18:18
31.0,25.0,2017-11-08 18:37:15
32.0,1500.0,2018-02-01 22:24:03
32.0,1000.0,2017-11-09 15:00:23
32.0,1500.0,2017-10-20 15:33:14
32.0,1000.0,2017-07-06 19:58:43
33.0,100.0,2017-03-23 13:16:31
33.0,250.0,2018-03-07 14:53:49
33.0,100.0,2016-11-07 20:28:55
33.0,100.0,2017-08-04 13:09:06
34.0,50.0,2017-10-08 11:08:18
34.0,25.0,2017-08-19 18:38:03
34.0,25.0,2017-11-06 20:48:54
36.0,25.0,2017-08-12 18:52:03
36.0,50.0,2017-01-27 19:55:38
36.0,25.0,2016-12-21 14:42:44
36.0,25.0,2017-09-20 17:23:42
36.0,25.0,2016-10-21 18:11:35
36.0,50.0,2015-07-28 13:06:59
36.0,25.0,2016-06-23 21:55:26
36.0,25.0,2016-09-24 11:18:29
36.0,25.0,2017-12-23 14:48:06
36.0,25.0,2016-07-30 11:14:44
36.0,25.0,2015-07-07 11:19:24
36.0,50.0,2015-10-17 21:44:22
37.0,50.0,2016-05-22 12:35:45
37.0,50.0,2015-08-11 16:02:22
37.0,50.0,2018-03-30 14:18:00
37.0,50.0,2016-01-12 19:26:01
37.0,25.0,2018-01-04 15:09:56
37.0,25.0,2017-10-17 16:29:23
40.0,25.0,2018-03-25 15:05:47
40.0,50.0,2018-04-07 17:02:47
41.0,500.0,2018-05-15 12:45:49
42.0,25.0,2018-05-27 14:00:58
42.0,25.0,2017-12-27 14:27:32
47.0,25.0,2017-05-27 11:48:25
47.0,25.0,2017-12-10 11:20:54
50.0,250.0,2018-03-23 16:21:02
52.0,50.0,2017-09-11 14:07:42
52.0,50.0,2017-07-30 21:00:52
52.0,25.0,2017-09-17 15:00:39
53.0,25.0,2015-03-27 19:45:57
53.0,25.0,2015-12-04 14:53:16
53.0,25.0,2016-06-28 20:04:43
53.0,50.0,2015-12-18 21:12:23
53.0,50.0,2015-06-30 20:16:35
53.0,25.0,2017-05-09 15:04:33
53.0,25.0,2016-06-20 14:46:45
53.0,25.0,2017-04-12 21:26:36
53.0,25.0,2017-11-15 15:25:09
53.0,50.0,2016-09-13 17:10:06
53.0,25.0,2017-01-27 18:21:58
53.0,25.0,2015-05-05 17:26:38
54.0,25.0,2017-05-03 13:05:52
54.0,50.0,2017-03-29 11:20:36
54.0,25.0,2018-05-28 17:09:46
54.0,25.0,2018-01-01 22:40:32
54.0,25.0,2015-03-12 21:06:03
54.0,25.0,2018-02-17 16:30:24
55.0,25.0,2017-10-20 13:37:30
55.0,25.0,2018-06-02 13:38:41
57.0,25.0,2016-05-23 19:06:07
57.0,25.0,2016-11-15 20:27:00
57.0,25.0,2015-06-27 21:09:00
57.0,25.0,2015-12-18 15:21:59
60.0,25.0,2018-06-03 13:12:14
60.0,50.0,2017-05-09 13:11:15
60.0,25.0,2015-03-21 12:30:23
60.0,50.0,2018-05-06 19:08:16
60.0,50.0,2018-03-19 12:18:56
60.0,50.0,2015-10-19 20:31:47
60.0,25.0,2017-11-29 17:25:11
60.0,25.0,2018-03-29 13:52:51
60.0,50.0,2016-08-28 15:50:12
60.0,25.0,2016-07-08 20:20:15
60.0,50.0,2015-08-08 11:12:48
60.0,50.0,2017-08-12 22:39:36
61.0,50.0,2017-11-09 19:07:17
61.0,50.0,2018-03-16 13:33:52
61.0,75.0,2017-02-04 22:31:27
64.0,25.0,2017-09-10 19:08:33
64.0,25.0,2016-08-31 15:48:06
64.0,25.0,2018-02-06 11:52:07
64.0,25.0,2016-09-14 18:56:17
64.0,25.0,2016-06-03 15:10:48
64.0,25.0,2018-01-13 14:17:34
64.0,25.0,2018-04-29 17:40:54
64.0,25.0,2015-12-06 12:28:13
64.0,25.0,2016-09-05 14:54:24
64.0,25.0,2018-03-28 22:02:59
64.0,25.0,2017-12-31 18:17:46
64.0,25.0,2016-01-21 13:10:02
74.0,25.0,2017-07-30 13:34:49
75.0,50.0,2018-01-28 19:46:53
75.0,25.0,2017-07-10 22:00:01
75.0,25.0,2017-09-26 21:59:11
76.0,25.0,2018-05-15 15:06:11
76.0,25.0,2015-04-04 17:19:27
76.0,25.0,2015-05-06 20:32:07
76.0,50.0,2016-11-01 21:40:43
77.0,50.0,2015-03-14 21:29:00
77.0,50.0,2016-12-24 12:57:32
77.0,25.0,2017-06-04 13:46:30
77.0,25.0,2018-04-29 20:02:37
77.0,25.0,2018-04-30 14:07:05
77.0,25.0,2015-02-15 11:38:30
77.0,50.0,2017-08-29 11:22:10
77.0,25.0,2017-09-03 12:44:07
78.0,25.0,2017-09-15 14:07:13
78.0,25.0,2018-03-24 19:19:50
78.0,25.0,2018-04-28 13:33:14
79.0,25.0,2016-08-13 11:51:02
79.0,50.0,2016-07-31 11:29:13
79.0,25.0,2016-09-29 22:29:02
79.0,25.0,2017-03-03 12:43:10
79.0,50.0,2017-03-07 17:22:14
79.0,25.0,2018-05-03 22:29:58
79.0,25.0,2018-05-20 14:51:21
79.0,50.0,2016-06-05 11:34:14
79.0,25.0,2018-05-13 11:03:33
79.0,25.0,2017-04-28 14:53:50
79.0,25.0,2017-08-23 18:11:59
79.0,25.0,2017-05-15 14:02:53
80.0,100.0,2018-04-08 21:37:28
80.0,100.0,2018-05-20 18:52:35
80.0,250.0,2018-03-31 14:47:31
82.0,25.0,2017-10-26 13:53:00
82.0,25.0,2017-08-25 15:06:05
82.0,50.0,2017-04-20 20:31:20
85.0,25.0,2016-12-10 21:56:34
85.0,50.0,2018-01-28 13:44:52
85.0,25.0,2015-05-19 12:03:32
85.0,50.0,2017-02-18 15:30:10
85.0,25.0,2017-05-23 11:25:34
85.0,50.0,2017-07-12 12:27:57
85.0,25.0,2018-04-22 19:00:23
85.0,25.0,2015-08-06 22:12:50
85.0,50.0,2016-09-12 16:08:46
87.0,50.0,2017-12-23 12:43:20
87.0,25.0,2017-11-01 20:21:03
90.0,500.0,2017-12-15 12:46:07
90.0,500.0,2017-11-16 15:23:04
91.0,25.0,2017-08-04 11:16:12
91.0,25.0,2016-06-05 21:21:15
91.0,25.0,2017-06-19 22:29:40
93.0,1000.0,2017-07-04 16:13:38
93.0,500.0,2017-03-02 16:17:42
93.0,1000.0,2017-02-18 16:45:25
93.0,1000.0,2017-06-16 14:30:59
93.0,500.0,2017-03-24 21:36:43
93.0,500.0,2017-08-11 22:08:21
94.0,25.0,2017-12-20 11:23:02
94.0,25.0,2018-06-03 15:49:45
95.0,250.0,2018-05-19 20:49:43
95.0,500.0,2015-10-01 20:39:55
95.0,250.0,2016-07-17 18:15:26
96.0,25.0,2017-08-03 22:22:09
96.0,50.0,2018-01-30 19:34:32
100.0,500.0,2018-01-22 15:32:37
100.0,1000.0,2017-12-26 15:54:17
105.0,1000.0,2018-03-17 20:45:18
106.0,25.0,2018-03-29 16:01:29
106.0,25.0,2018-01-24 21:57:54
106.0,50.0,2017-08-01 17:32:21
108.0,25.0,2017-02-04 13:43:29
108.0,25.0,2017-08-03 14:45:01
108.0,50.0,2017-07-31 18:41:36
108.0,50.0,2017-10-13 11:10:58
108.0,25.0,2017-02-17 20:43:29
108.0,25.0,2017-05-13 18:17:00
110.0,50.0,2017-12-26 20:21:58
110.0,50.0,2018-01-03 21:36:48
110.0,50.0,2018-05-25 16:36:40
111.0,25.0,2017-11-07 14:11:01
111.0,25.0,2017-01-30 17:11:20
111.0,50.0,2018-02-12 11:33:52
111.0,25.0,2016-01-27 16:28:15
111.0,25.0,2016-11-29 12:50:56
111.0,25.0,2015-12-26 19:59:24
111.0,25.0,2018-05-14 16:07:44
111.0,50.0,2016-07-24 18:18:15
111.0,50.0,2018-02-21 15:38:16
111.0,25.0,2018-06-02 14:19:07
111.0,25.0,2017-05-24 22:29:30
111.0,25.0,2016-11-05 21:02:15
113.0,50.0,2017-05-07 22:56:03
113.0,50.0,2017-04-20 16:19:32
113.0,25.0,2017-06-17 15:18:43
113.0,50.0,2017-07-14 16:34:28
115.0,25.0,2018-04-30 21:58:23
115.0,50.0,2018-05-02 16:03:42
115.0,25.0,2018-03-19 22:32:45
116.0,50.0,2018-01-01 21:37:31
116.0,25.0,2017-08-01 19:49:15
116.0,25.0,2018-05-15 18:52:39
116.0,25.0,2017-07-08 20:55:51
117.0,50.0,2018-04-26 11:40:16
117.0,25.0,2017-04-04 21:58:20
117.0,25.0,2017-04-05 14:15:12
121.0,25.0,2018-04-18 17:45:24
121.0,25.0,2017-11-27 20:10:46
124.0,50.0,2018-01-16 20:08:26
125.0,50.0,2018-01-19 15:39:19
125.0,50.0,2018-05-28 20:55:29
126.0,50.0,2016-03-25 11:51:47
126.0,25.0,2015-09-25 13:42:35
126.0,25.0,2015-03-09 13:26:15
126.0,25.0,2016-06-21 13:54:50
126.0,25.0,2018-01-15 19:35:44
126.0,50.0,2016-01-04 14:51:39
126.0,25.0,2015-12-12 12:40:29
126.0,50.0,2015-08-31 19:43:59
126.0,50.0,2017-10-28 19:21:48
126.0,25.0,2015-12-03 12:22:18
126.0,25.0,2015-04-01 19:43:11
126.0,25.0,2016-10-01 11:03:39
127.0,50.0,2016-05-15 16:51:06
127.0,50.0,2017-01-22 20:59:04
127.0,25.0,2017-12-08 22:02:49
127.0,50.0,2016-09-02 15:08:03
127.0,25.0,2018-04-02 11:14:08
127.0,50.0,2016-09-30 11:06:09
127.0,25.0,2016-12-19 14:09:15
127.0,25.0,2018-01-23 18:23:40
127.0,50.0,2016-09-06 17:16:55
128.0,25.0,2017-12-30 14:14:01
128.0,25.0,2017-10-31 17:11:19
128.0,25.0,2016-10-21 18:34:14
128.0,50.0,2016-07-24 11:53:06
128.0,25.0,2017-10-08 21:04:10
128.0,25.0,2017-05-29 17:49:32
128.0,25.0,2016-10-06 13:13:14
128.0,50.0,2017-10-08 18:22:25
130.0,500.0,2016-08-15 20:51:44
130.0,250.0,2018-04-05 18:41:37
130.0,500.0,2017-05-08 18:19:38
132.0,25.0,2017-04-15 21:34:55
133.0,25.0,2016-05-02 20:23:34
133.0,25.0,2017-08-23 15:10:44
133.0,25.0,2016-02-02 13:11:27
133.0,25.0,2018-02-18 19:03:51
133.0,25.0,2018-04-15 22:44:40
133.0,25.0,2018-02-27 22:41:18
134.0,1000.0,2018-05-28 16:40:28
134.0,1500.0,2018-01-30 14:12:23
134.0,1000.0,2017-11-14 22:09:59
134.0,1000.0,2017-12-21 21:45:50
135.0,250.0,2016-08-16 16:00:42
135.0,500.0,2017-10-16 14:46:49
135.0,250.0,2016-11-18 16:58:50
135.0,250.0,2016-09-16 14:54:01
135.0,250.0,2017-12-09 22:17:14
135.0,250.0,2017-10-19 14:42:49
135.0,500.0,2016-05-09 21:30:49
135.0,250.0,2018-05-08 22:26:59
135.0,500.0,2016-06-07 18:42:46
135.0,250.0,2017-06-13 19:29:41
135.0,250.0,2017-11-25 11:11:16
135.0,250.0,2018-05-02 13:34:37
135.0,500.0,2017-08-23 13:56:12
135.0,250.0,2018-02-26 22:58:55
135.0,250.0,2018-05-05 11:06:41
135.0,250.0,2017-06-26 14:41:34
136.0,25.0,2017-08-15 13:22:25
137.0,50.0,2018-02-08 17:22:58
137.0,25.0,2018-05-24 16:29:44
139.0,50.0,2017-12-14 19:26:51
139.0,25.0,2018-04-27 18:32:10
139.0,50.0,2018-05-20 17:52:35
144.0,25.0,2018-04-21 17:03:29
145.0,500.0,2016-03-12 21:52:35
145.0,1000.0,2018-05-31 21:29:16
145.0,1000.0,2017-08-23 11:19:55
145.0,500.0,2017-08-10 15:38:37
145.0,500.0,2015-09-27 12:44:32
145.0,500.0,2015-03-14 18:33:27
145.0,500.0,2017-10-17 22:10:21
145.0,500.0,2015-02-20 17:57:30
147.0,50.0,2018-03-20 15:18:20
147.0,25.0,2018-03-27 16:09:10
147.0,50.0,2017-10-30 14:16:49
148.0,50.0,2017-04-15 11:55:04
148.0,75.0,2017-02-11 22:39:54
151.0,25.0,2017-07-28 20:07:26
152.0,100.0,2017-11-03 13:30:25
153.0,250.0,2017-01-10 22:11:20
153.0,500.0,2016-06-18 11:05:14
160.0,25.0,2016-05-05 12:35:23
160.0,25.0,2016-10-23 11:14:41
160.0,25.0,2015-11-22 13:15:23
160.0,25.0,2017-05-07 19:13:28
160.0,50.0,2017-04-26 21:09:36
160.0,25.0,2016-05-12 17:33:44
160.0,50.0,2018-01-09 21:53:25
160.0,25.0,2015-08-02 19:06:50
160.0,25.0,2015-07-21 18:40:28
160.0,25.0,2018-04-30 22:44:30
160.0,25.0,2015-06-09 12:25:42
160.0,25.0,2015-09-17 15:08:46
160.0,25.0,2017-10-29 21:27:45
160.0,25.0,2015-05-03 12:13:34
160.0,25.0,2015-10-25 15:35:30
160.0,25.0,2016-10-27 18:53:51
160.0,50.0,2016-08-05 16:09:46
160.0,50.0,2016-04-26 22:43:38
163.0,25.0,2016-06-22 13:56:15
163.0,50.0,2016-09-16 12:09:25
163.0,50.0,2017-03-30 11:28:03
163.0,50.0,2018-01-17 21:33:33
163.0,50.0,2016-07-02 14:41:10
163.0,25.0,2017-11-18 14:29:13
164.0,250.0,2017-04-26 15:17:57
164.0,250.0,2017-11-16 21:15:37
164.0,500.0,2018-02-03 19:05:54
164.0,250.0,2018-02-01 16:48:12
164.0,250.0,2017-09-01 17:07:54
164.0,500.0,2017-06-01 16:10:21
165.0,25.0,2018-03-13 21:06:46
165.0,25.0,2018-03-01 21:55:15
166.0,25.0,2016-10-15 11:14:59
166.0,50.0,2016-11-23 21:10:14
166.0,50.0,2015-03-02 11:47:47
166.0,25.0,2017-11-26 13:31:10
166.0,25.0,2016-03-07 20:20:40
166.0,25.0,2017-05-01 21:23:32
166.0,25.0,2015-03-03 14:24:19
166.0,25.0,2015-08-30 11:20:01
166.0,25.0,2015-03-22 13:18:01
166.0,25.0,2017-08-04 21:57:45
166.0,50.0,2016-10-17 11:28:54
166.0,25.0,2016-10-17 14:01:37
166.0,25.0,2017-12-30 12:49:18
166.0,25.0,2018-05-27 18:37:19
166.0,25.0,2017-04-20 20:16:23
166.0,25.0,2015-09-20 20:18:02
169.0,25.0,2017-06-07 21:25:24
169.0,25.0,2018-03-06 19:52:08
169.0,25.0,2018-04-13 11:06:31
169.0,25.0,2016-03-31 17:34:23
169.0,50.0,2016-07-03 21:21:26
169.0,25.0,2016-01-23 21:16:17
169.0,25.0,2015-04-25 20:26:04
169.0,50.0,2018-05-13 17:22:27
169.0,25.0,2017-02-11 20:35:23
170.0,250.0,2015-08-18 13:28:31
170.0,500.0,2015-12-12 22:27:07
170.0,250.0,2017-08-16 15:43:06
170.0,500.0,2016-07-05 11:54:02
170.0,250.0,2017-02-25 20:34:19
170.0,250.0,2016-01-25 19:10:40
170.0,250.0,2017-12-10 19:14:56
170.0,250.0,2017-04-18 20:11:23
170.0,500.0,2015-12-29 21:55:03
175.0,25.0,2018-04-27 22:51:29
177.0,25.0,2016-12-19 17:55:38
177.0,25.0,2018-05-08 13:00:30
177.0,50.0,2017-11-09 13:37:27
177.0,50.0,2017-11-23 12:57:43
178.0,25.0,2017-05-22 18:08:48
179.0,25.0,2017-10-17 11:53:05
179.0,25.0,2017-04-30 11:14:45
179.0,50.0,2017-12-23 15:09:52
179.0,25.0,2018-03-02 14:38:56
181.0,25.0,2017-12-24 12:27:47
181.0,50.0,2018-03-07 13:55:26
181.0,25.0,2015-12-31 18:26:41
181.0,50.0,2016-03-10 15:50:10
181.0,25.0,2017-04-23 11:47:40
181.0,50.0,2016-06-04 19:05:49
182.0,50.0,2017-06-06 14:23:13
182.0,25.0,2017-03-27 15:36:29
182.0,25.0,2017-05-14 21:03:16
182.0,25.0,2018-05-02 22:34:23
183.0,100.0,2018-04-05 19:56:20
183.0,100.0,2018-04-13 13:43:07
183.0,250.0,2018-05-27 22:54:38
183.0,250.0,2017-08-09 18:11:08
183.0,250.0,2018-05-22 17:45:59
183.0,250.0,2017-02-04 13:01:17
183.0,100.0,2016-12-08 17:12:59
183.0,250.0,2017-02-10 20:13:45
183.0,100.0,2017-11-08 20:57:48
183.0,100.0,2016-12-22 19:54:17
184.0,1000.0,2018-05-09 16:43:56
184.0,1000.0,2017-03-08 21:21:03
184.0,500.0,2017-09-30 14:03:40
184.0,500.0,2016-01-06 19:46:45
184.0,1000.0,2018-04-05 18:32:09
184.0,1000.0,2016-06-15 21:16:07
185.0,250.0,2018-01-18 15:15:29
185.0,100.0,2018-02-14 20:42:06
188.0,25.0,2017-12-28 11:20:55
188.0,50.0,2018-01-21 18:36:38
188.0,25.0,2018-02-28 11:12:44
188.0,25.0,2018-01-20 15:07:08
188.0,25.0,2017-12-31 22:22:21
188.0,25.0,2018-05-24 19:16:39
189.0,25.0,2017-06-17 18:25:11
189.0,50.0,2017-09-06 11:51:26
189.0,25.0,2017-05-25 16:01:44
189.0,25.0,2017-04-16 11:32:02
190.0,25.0,2018-03-26 12:16:22
190.0,25.0,2017-05-14 19:34:56
192.0,500.0,2018-03-30 13:46:39
192.0,500.0,2018-01-20 22:03:46
193.0,25.0,2018-04-09 19:23:11
193.0,50.0,2018-02-11 12:49:12
193.0,25.0,2018-03-01 16:29:10
195.0,50.0,2018-04-20 18:54:12
195.0,50.0,2017-04-23 22:54:06
196.0,50.0,2018-05-04 11:19:27
196.0,50.0,2018-04-12 18:52:29
197.0,50.0,2017-06-03 18:51:19
197.0,25.0,2017-03-23 16:31:46
197.0,50.0,2016-03-28 19:25:09
197.0,25.0,2018-05-17 16:13:46
197.0,50.0,2016-08-11 15:38:53
197.0,25.0,2018-05-31 21:52:59
197.0,50.0,2016-04-23 17:27:21
197.0,50.0,2017-07-30 17:11:23
197.0,25.0,2017-06-06 19:57:14
198.0,25.0,2017-08-09 15:09:20
198.0,25.0,2018-04-13 15:44:45
198.0,50.0,2018-02-26 15:08:11
198.0,25.0,2018-06-03 21:17:46
200.0,50.0,2016-07-17 18:08:38
200.0,25.0,2016-11-16 13:42:41
200.0,25.0,2016-09-23 11:19:45
201.0,25.0,2017-04-11 17:35:44
201.0,25.0,2017-11-02 16:23:24
202.0,250.0,2016-07-13 13:59:48
202.0,250.0,2017-02-12 14:10:18
202.0,500.0,2017-08-27 22:53:04
202.0,500.0,2018-03-10 14:01:52
202.0,250.0,2017-02-17 22:19:54
202.0,250.0,2017-11-01 13:18:41
202.0,500.0,2017-08-27 14:55:32
202.0,250.0,2017-02-12 21:21:13
203.0,1000.0,2017-05-09 22:30:27
203.0,1500.0,2018-04-11 11:54:47
204.0,25.0,2018-05-08 15:33:59
204.0,25.0,2017-09-04 12:38:35
205.0,25.0,2017-05-03 20:56:34
205.0,25.0,2017-06-19 19:00:37
205.0,25.0,2017-12-07 21:16:56
205.0,25.0,2017-08-08 13:12:52
208.0,100.0,2016-10-26 12:32:22
208.0,100.0,2017-01-30 11:20:10
209.0,25.0,2017-06-26 14:35:13
209.0,50.0,2017-01-28 18:35:32
211.0,25.0,2018-04-05 13:17:35
211.0,25.0,2016-07-13 14:42:34
211.0,25.0,2017-01-21 11:47:20
211.0,50.0,2015-12-14 22:56:03
211.0,25.0,2015-07-20 11:49:20
211.0,25.0,2018-04-13 21:15:33
211.0,25.0,2018-05-30 16:59:06
211.0,25.0,2016-07-05 16:40:20
211.0,25.0,2018-03-26 17:22:49
211.0,25.0,2018-01-03 16:54:37
211.0,25.0,2016-06-29 14:02:05
211.0,25.0,2018-01-19 12:33:38
211.0,50.0,2017-10-28 17:08:16
211.0,25.0,2016-11-25 22:13:47
211.0,25.0,2018-05-07 17:09:39
211.0,25.0,2018-01-30 11:26:41
211.0,25.0,2016-06-03 22:18:55
211.0,25.0,2016-09-21 19:17:28
211.0,25.0,2017-06-30 18:46:22
211.0,50.0,2017-08-06 19:47:27
211.0,50.0,2017-08-28 18:37:14
212.0,25.0,2017-07-18 21:24:48
212.0,25.0,2018-05-02 13:30:18
213.0,250.0,2017-01-13 14:22:42
213.0,250.0,2016-04-30 13:28:14
213.0,250.0,2017-07-07 19:18:49
213.0,500.0,2017-12-06 21:42:59
214.0,25.0,2016-06-28 11:08:42
214.0,25.0,2016-07-24 13:52:34
214.0,25.0,2017-03-09 12:21:26
217.0,50.0,2018-02-12 20:08:14
217.0,50.0,2018-05-01 22:12:35
217.0,25.0,2018-05-13 19:10:26
218.0,1000.0,2018-04-29 21:40:47
218.0,1000.0,2017-10-20 16:57:05
218.0,1000.0,2017-11-02 22:44:28
218.0,1000.0,2018-01-07 22:45:53
218.0,500.0,2017-11-04 22:25:49
220.0,100.0,2018-04-16 14:42:03
221.0,25.0,2018-01-21 22:07:18
221.0,25.0,2018-04-14 11:47:29
223.0,25.0,2015-07-30 22:29:39
223.0,50.0,2017-03-21 14:46:53
223.0,50.0,2017-05-17 13:53:56
223.0,25.0,2015-09-04 13:21:18
223.0,50.0,2018-01-12 14:37:29
223.0,50.0,2015-10-05 15:33:30
225.0,25.0,2017-12-15 21:20:20
225.0,25.0,2017-04-08 13:12:51
225.0,25.0,2018-02-06 20:59:15
225.0,50.0,2018-01-05 19:22:46
225.0,25.0,2017-08-30 18:50:44
225.0,25.0,2018-03-31 11:18:52
225.0,25.0,2017-09-09 22:51:26
225.0,50.0,2015-08-15 21:31:24
225.0,50.0,2017-05-27 20:49:05
225.0,50.0,2016-02-02 19:29:51
225.0,25.0,2017-10-25 18:20:14
225.0,50.0,2016-09-25 15:51:04
225.0,25.0,2015-10-20 13:26:00
225.0,50.0,2017-10-25 14:12:24
225.0,50.0,2017-06-26 20:39:31
229.0,50.0,2017-06-30 16:02:37
229.0,50.0,2017-04-23 16:45:04
229.0,50.0,2017-07-04 22:53:10
229.0,25.0,2016-03-29 12:12:06
230.0,50.0,2017-05-23 15:09:07
230.0,50.0,2016-07-28 20:40:09
230.0,25.0,2017-01-03 20:54:30
230.0,50.0,2017-12-06 18:26:16
231.0,500.0,2016-06-30 17:30:23
231.0,500.0,2018-05-27 16:27:57
231.0,500.0,2017-10-04 17:48:14
231.0,500.0,2017-09-30 21:16:20
231.0,500.0,2016-08-21 19:26:30
231.0,500.0,2016-03-15 11:37:21
240.0,500.0,2018-02-10 15:16:24
240.0,250.0,2018-02-26 16:11:32
240.0,250.0,2015-12-28 17:22:12
241.0,25.0,2015-03-26 12:22:19
241.0,50.0,2015-03-04 12:51:56
241.0,25.0,2016-01-16 19:04:28
241.0,50.0,2015-12-03 21:20:12
241.0,25.0,2018-01-01 22:55:47
241.0,25.0,2016-09-23 15:06:53
241.0,25.0,2017-09-22 18:13:07
241.0,25.0,2015-02-26 22:09:15
241.0,25.0,2016-02-11 17:42:57
241.0,25.0,2015-05-14 16:07:29
241.0,25.0,2017-12-10 20:16:55
241.0,25.0,2017-10-15 16:44:45
241.0,25.0,2017-03-03 22:43:38
241.0,25.0,2016-08-07 22:26:42
241.0,25.0,2015-05-06 19:59:09
241.0,25.0,2018-05-24 20:30:50
243.0,25.0,2018-02-28 22:25:09
245.0,50.0,2018-04-02 13:28:50
245.0,50.0,2017-11-27 12:03:18
246.0,250.0,2015-10-17 14:26:31
246.0,250.0,2017-04-19 16:30:16
246.0,250.0,2017-02-13 22:09:27
246.0,500.0,2015-08-14 20:59:44
246.0,500.0,2018-01-19 19:31:50
246.0,250.0,2018-03-21 22:03:03
246.0,500.0,2015-06-05 15:05:12
246.0,250.0,2017-10-02 17:26:27
246.0,250.0,2015-12-25 13:33:50
246.0,500.0,2016-06-13 13:25:16
246.0,250.0,2017-02-15 15:33:18
246.0,250.0,2017-03-23 16:59:42
246.0,500.0,2017-10-02 14:47:55
246.0,500.0,2015-10-03 19:46:33
246.0,500.0,2017-09-17 14:25:27
246.0,250.0,2015-11-13 21:54:23
247.0,50.0,2017-10-12 20:04:31
247.0,50.0,2018-04-29 11:34:42
247.0,25.0,2018-02-11 19:53:43
247.0,25.0,2018-02-08 11:42:53
247.0,25.0,2016-12-16 11:04:26
247.0,25.0,2018-04-23 13:19:54
250.0,25.0,2017-12-27 13:23:18
250.0,25.0,2017-06-05 13:12:24
253.0,25.0,2017-06-10 14:39:58
253.0,25.0,2017-02-18 15:55:05
253.0,25.0,2016-08-28 20:25:58
254.0,50.0,2017-06-10 17:12:58
256.0,100.0,2018-04-15 22:33:47
257.0,25.0,2017-05-25 17:24:37
257.0,25.0,2018-04-07 21:19:19
257.0,25.0,2017-06-07 19:31:06
257.0,50.0,2018-05-17 18:05:55
257.0,50.0,2018-03-25 18:40:07
258.0,50.0,2018-03-21 22:12:02
258.0,75.0,2017-06-23 20:24:05
261.0,250.0,2015-02-19 17:34:14
261.0,250.0,2017-08-28 12:33:36
261.0,250.0,2015-07-23 12:02:39
261.0,500.0,2017-07-02 13:10:19
261.0,250.0,2015-05-05 12:37:03
261.0,250.0,2016-11-30 12:37:42
261.0,250.0,2015-04-29 11:31:17
261.0,250.0,2016-02-07 16:13:53
263.0,25.0,2017-12-20 12:36:13
263.0,25.0,2018-04-02 16:56:40
264.0,25.0,2017-07-20 22:19:13
264.0,25.0,2015-11-10 19:43:44
264.0,25.0,2016-06-03 16:44:55
266.0,25.0,2018-01-02 13:12:17
267.0,75.0,2018-04-04 11:55:12
267.0,50.0,2017-08-05 21:58:13
267.0,50.0,2018-01-02 22:16:38
268.0,25.0,2017-11-26 12:05:42
268.0,25.0,2018-03-13 22:42:21
268.0,50.0,2018-02-15 12:11:37
268.0,25.0,2018-03-03 11:49:52
268.0,25.0,2018-05-12 11:09:11
269.0,50.0,2016-06-06 21:31:38
269.0,50.0,2018-01-20 18:13:24
269.0,25.0,2016-08-17 20:42:44
269.0,25.0,2016-08-27 16:04:38
269.0,25.0,2018-03-30 17:19:04
269.0,50.0,2016-07-05 22:18:17
269.0,50.0,2017-06-19 22:03:03
269.0,25.0,2016-11-03 16:23:06
270.0,25.0,2017-12-06 21:27:12
270.0,50.0,2018-04-07 20:31:15
271.0,1000.0,2018-02-09 16:09:26
271.0,500.0,2016-08-25 17:55:40
271.0,500.0,2016-05-22 13:04:35
271.0,1000.0,2017-01-24 12:20:42
272.0,1000.0,2015-06-04 13:33:06
272.0,1500.0,2016-10-13 18:00:45
272.0,1500.0,2016-10-29 12:53:23
273.0,50.0,2018-03-31 19:44:51
273.0,50.0,2017-12-01 14:32:42
273.0,25.0,2018-01-19 17:16:05
274.0,1000.0,2018-01-04 21:09:36
274.0,1000.0,2017-10-16 18:19:42
277.0,1500.0,2017-11-13 16:36:24
277.0,1500.0,2017-04-27 17:49:01
277.0,2000.0,2017-10-24 21:55:39
277.0,1500.0,2017-12-21 18:45:55
278.0,50.0,2017-06-17 14:51:36
278.0,50.0,2017-03-05 15:35:19
278.0,25.0,2017-09-03 13:22:46
278.0,50.0,2017-02-16 14:30:05
279.0,25.0,2016-08-23 19:18:47
279.0,25.0,2016-10-09 13:46:17
279.0,25.0,2018-04-03 21:47:06
279.0,25.0,2017-11-05 18:56:13
281.0,25.0,2015-05-30 20:00:15
281.0,25.0,2017-10-21 21:19:49
281.0,25.0,2016-06-19 13:00:49
281.0,25.0,2016-05-16 13:56:40
281.0,50.0,2017-03-06 16:31:13
281.0,25.0,2018-05-08 21:13:22
281.0,25.0,2017-02-16 11:16:41
281.0,25.0,2016-09-30 19:29:29
282.0,25.0,2016-09-18 14:57:38
282.0,50.0,2016-10-21 16:34:27
282.0,25.0,2018-05-04 19:52:59
282.0,50.0,2016-01-03 17:49:41
282.0,50.0,2017-09-30 22:45:27
282.0,50.0,2015-08-14 22:41:06
282.0,25.0,2016-11-26 11:40:19
282.0,50.0,2016-04-07 19:18:43
284.0,50.0,2018-01-19 20:10:28
284.0,25.0,2018-01-08 22:28:12
286.0,1000.0,2018-04-13 20:23:00
287.0,500.0,2018-02-28 16:09:21
288.0,1500.0,2017-08-21 14:19:38
288.0,1500.0,2018-05-14 14:22:58
288.0,1500.0,2017-05-30 14:52:52
288.0,2000.0,2018-02-13 13:30:13
289.0,25.0,2018-05-16 14:31:18
289.0,25.0,2016-02-21 11:11:33
289.0,25.0,2017-03-01 13:08:38
289.0,25.0,2017-10-13 20:41:26
289.0,25.0,2016-11-06 13:56:58
289.0,25.0,2016-04-11 14:23:19
289.0,25.0,2015-11-03 13:10:49
289.0,50.0,2016-02-07 12:10:55
289.0,25.0,2017-11-16 14:25:34
289.0,25.0,2016-02-16 12:56:30
289.0,25.0,2015-08-10 12:17:23
289.0,25.0,2016-12-25 13:35:13
289.0,25.0,2015-09-17 17:39:24
289.0,25.0,2015-11-13 18:54:23
289.0,25.0,2017-09-10 19:34:55
290.0,250.0,2018-02-27 15:14:03
295.0,50.0,2015-09-15 21:50:37
295.0,25.0,2018-03-02 15:42:10
295.0,25.0,2016-07-07 12:01:18
295.0,50.0,2016-12-28 14:17:44
295.0,25.0,2017-08-19 20:51:21
295.0,25.0,2018-02-24 11:03:32
295.0,25.0,2017-10-14 11:54:20
295.0,25.0,2015-03-31 19:30:38
296.0,50.0,2018-03-02 17:28:07
296.0,25.0,2017-11-22 16:52:32
296.0,25.0,2018-02-14 21:15:19
298.0,250.0,2017-12-06 15:01:13
303.0,25.0,2017-08-08 11:26:54
303.0,25.0,2017-05-05 21:38:08
303.0,50.0,2015-10-24 14:15:23
303.0,50.0,2015-07-03 13:24:47
304.0,25.0,2018-05-31 12:02:49
304.0,50.0,2017-11-29 18:14:59
304.0,25.0,2018-04-22 20:28:38
304.0,25.0,2018-04-22 16:30:32
305.0,75.0,2017-03-06 20:35:41
305.0,100.0,2018-01-03 18:33:50
308.0,50.0,2017-09-09 12:06:18
308.0,25.0,2017-08-20 14:51:55
308.0,25.0,2018-04-06 18:37:12
308.0,25.0,2018-03-26 14:46:53
312.0,25.0,2017-03-11 12:56:34
312.0,25.0,2017-01-18 18:33:28
312.0,25.0,2017-07-24 15:17:19
312.0,25.0,2018-02-26 17:13:01
314.0,1500.0,2018-01-11 17:38:28
315.0,25.0,2017-10-18 22:40:20
315.0,25.0,2017-07-05 19:47:24
315.0,50.0,2017-10-05 15:58:18
315.0,50.0,2018-03-14 21:40:35
316.0,50.0,2018-05-02 21:34:39
316.0,25.0,2018-03-03 16:51:48
317.0,25.0,2017-08-16 11:09:36
317.0,25.0,2017-09-08 21:38:35
319.0,25.0,2018-05-14 22:06:37
319.0,25.0,2017-08-14 18:03:24
319.0,25.0,2017-08-08 11:39:03
319.0,50.0,2016-10-13 17:41:47
319.0,25.0,2018-01-14 19:18:27
319.0,25.0,2016-07-12 17:16:07
320.0,25.0,2016-08-13 18:43:48
320.0,50.0,2017-04-28 12:01:29
320.0,25.0,2017-07-19 20:39:45
320.0,50.0,2017-12-05 14:09:12
320.0,25.0,2016-06-27 17:02:53
320.0,25.0,2017-04-03 13:41:12
321.0,25.0,2018-04-24 22:22:18
321.0,25.0,2017-12-12 19:58:26
322.0,25.0,2017-08-23 21:59:50
322.0,25.0,2018-02-01 14:07:27
323.0,25.0,2017-09-05 15:29:20
323.0,50.0,2018-05-04 18:54:57
323.0,50.0,2017-08-30 20:45:01
323.0,25.0,2017-12-26 12:27:58
324.0,25.0,2015-09-14 21:44:55
324.0,50.0,2017-01-19 21:58:53
324.0,25.0,2017-07-30 22:43:29
324.0,50.0,2017-04-21 17:44:56
324.0,25.0,2018-05-12 14:41:40
324.0,25.0,2015-02-13 15:02:00
324.0,50.0,2016-09-17 21:32:23
324.0,25.0,2017-05-13 17:16:47
326.0,25.0,2018-04-05 16:49:42
326.0,25.0,2018-05-24 18:38:04
326.0,50.0,2017-12-02 17:42:56
326.0,25.0,2018-03-09 18:10:02
328.0,500.0,2017-02-27 12:59:05
328.0,250.0,2017-06-27 21:19:16
328.0,250.0,2017-07-13 22:30:39
329.0,50.0,2017-11-21 11:37:08
329.0,25.0,2017-12-13 17:28:23
331.0,75.0,2018-03-28 21:45:17
331.0,50.0,2018-01-09 20:16:55
331.0,50.0,2018-01-01 12:44:51
331.0,50.0,2017-11-26 15:12:28
331.0,50.0,2017-12-10 11:58:53
332.0,25.0,2018-01-08 14:27:22
332.0,50.0,2018-03-09 14:14:22
334.0,25.0,2017-11-05 22:59:14
334.0,25.0,2017-06-20 16:09:13
335.0,25.0,2018-03-18 21:05:48
335.0,50.0,2017-02-28 11:05:31
335.0,25.0,2015-09-13 12:33:55
335.0,50.0,2017-04-26 15:01:14
335.0,25.0,2015-03-11 18:50:50
335.0,25.0,2016-07-17 17:02:00
335.0,25.0,2016-10-16 17:17:11
335.0,25.0,2015-10-23 18:15:10
335.0,50.0,2015-12-16 20:08:40
335.0,50.0,2016-09-28 12:57:27
335.0,25.0,2018-05-03 15:51:24
335.0,25.0,2016-05-06 17:12:28
335.0,50.0,2016-11-08 21:07:49
335.0,25.0,2017-10-02 21:15:05
335.0,25.0,2017-01-11 16:56:16
335.0,25.0,2016-04-04 18:03:27
336.0,100.0,2016-04-27 22:43:07
336.0,100.0,2017-05-10 20:30:32
336.0,100.0,2015-08-14 20:07:14
336.0,100.0,2017-04-13 18:41:25
336.0,250.0,2015-09-06 21:48:06
336.0,250.0,2017-03-23 15:14:55
337.0,75.0,2016-03-13 22:23:56
337.0,75.0,2015-03-17 20:14:55
337.0,75.0,2016-06-02 15:28:18
337.0,75.0,2015-05-22 20:19:40
338.0,25.0,2017-02-10 15:36:56
338.0,25.0,2017-12-30 21:52:45
338.0,50.0,2018-05-29 14:03:22
338.0,25.0,2018-01-16 12:55:26
338.0,25.0,2017-09-17 12:41:18
338.0,25.0,2017-01-24 14:40:29
338.0,50.0,2017-10-28 21:44:06
338.0,25.0,2017-06-26 19:19:30
338.0,25.0,2016-12-10 19:40:48
338.0,25.0,2017-08-20 22:09:45
342.0,50.0,2018-05-24 15:37:04
342.0,25.0,2016-07-31 20:03:52
342.0,50.0,2017-06-02 16:04:28
342.0,25.0,2016-01-31 11:28:44
342.0,25.0,2016-06-07 22:28:57
342.0,25.0,2016-05-24 21:09:43
346.0,100.0,2017-11-20 19:59:02
347.0,50.0,2017-03-04 12:07:45
347.0,50.0,2018-03-15 15:52:39
347.0,75.0,2017-03-31 19:16:34
347.0,75.0,2017-11-09 19:51:11
349.0,50.0,2016-05-07 13:00:38
349.0,50.0,2017-12-15 15:22:29
349.0,50.0,2015-10-12 20:40:59
349.0,75.0,2015-08-23 16:00:43
349.0,50.0,2016-10-15 15:00:08
349.0,50.0,2017-12-14 11:08:41
349.0,50.0,2017-01-29 21:44:32
349.0,50.0,2015-12-02 15:37:52
350.0,25.0,2018-05-07 22:13:49
350.0,25.0,2018-05-21 21:53:40
351.0,50.0,2017-11-11 22:10:07
351.0,25.0,2017-01-30 14:09:09
352.0,50.0,2018-02-08 21:50:16
356.0,25.0,2017-12-27 18:02:09
356.0,25.0,2016-10-08 18:25:35
359.0,100.0,2018-02-01 13:52:15
359.0,100.0,2018-03-30 22:19:51
361.0,25.0,2017-05-19 17:36:28
363.0,50.0,2016-05-05 17:58:38
363.0,25.0,2017-08-01 20:59:47
363.0,50.0,2017-01-03 19:03:01
363.0,50.0,2017-10-29 11:42:36
363.0,50.0,2016-07-31 17:13:58
363.0,25.0,2018-03-28 14:36:14
363.0,50.0,2017-01-27 22:29:39
363.0,50.0,2016-06-21 15:29:05
366.0,1500.0,2017-07-18 13:47:08
366.0,1000.0,2017-04-13 15:50:44
366.0,1500.0,2018-04-07 17:52:47
366.0,1500.0,2016-07-06 18:35:44
366.0,1000.0,2016-09-30 13:10:02
366.0,1500.0,2017-07-01 19:30:47
368.0,50.0,2017-12-06 20:25:40
368.0,50.0,2018-03-25 20:50:41
368.0,50.0,2018-04-01 12:14:32
368.0,75.0,2018-01-26 11:57:09
371.0,25.0,2017-10-10 17:19:38
371.0,25.0,2015-03-22 18:45:01
371.0,50.0,2017-01-16 20:40:45
371.0,25.0,2015-11-06 19:19:24
371.0,25.0,2018-04-30 12:26:22
371.0,50.0,2015-10-14 19:22:04
371.0,25.0,2017-04-30 16:37:21
371.0,25.0,2016-01-30 21:21:50
371.0,25.0,2018-05-23 18:25:17
371.0,25.0,2018-03-05 15:18:52
371.0,50.0,2016-07-26 16:07:20
371.0,25.0,2016-01-25 16:27:06
371.0,25.0,2018-04-20 19:30:06
371.0,25.0,2017-12-19 13:28:03
371.0,50.0,2016-02-19 16:08:30
371.0,50.0,2015-11-05 20:03:15
372.0,500.0,2018-01-25 12:19:36
373.0,25.0,2017-06-21 11:43:08
373.0,50.0,2016-06-15 18:35:14
373.0,50.0,2018-03-11 18:05:59
373.0,25.0,2015-07-19 18:59:01
376.0,25.0,2018-04-27 15:16:21
376.0,25.0,2018-03-01 16:48:50
379.0,50.0,2017-09-15 19:57:50
379.0,25.0,2016-08-04 19:21:57
379.0,25.0,2015-06-09 15:38:25
379.0,25.0,2016-10-21 19:44:23
379.0,25.0,2017-09-29 22:33:24
379.0,50.0,2016-03-17 15:10:39
379.0,25.0,2018-02-10 16:01:16
379.0,50.0,2017-08-03 17:33:44
383.0,50.0,2017-10-13 14:00:33
383.0,25.0,2018-02-16 17:31:33
384.0,250.0,2018-02-04 13:18:08
384.0,250.0,2017-05-22 11:35:44
384.0,500.0,2016-10-13 17:19:49
385.0,25.0,2017-02-25 15:01:03
385.0,25.0,2016-06-14 15:44:49
386.0,25.0,2017-12-08 16:24:21
386.0,25.0,2015-02-15 11:56:01
386.0,25.0,2016-07-14 15:55:42
386.0,25.0,2018-01-11 11:58:51
386.0,25.0,2017-02-05 12:04:46
386.0,25.0,2017-12-29 15:52:08
386.0,50.0,2016-01-16 14:22:49
386.0,50.0,2015-10-01 18:54:36
386.0,25.0,2016-08-25 13:16:57
386.0,25.0,2015-07-30 13:06:26
386.0,25.0,2015-07-24 16:20:47
386.0,50.0,2018-02-06 11:46:58
388.0,50.0,2017-10-11 13:23:20
388.0,25.0,2017-08-18 15:12:13
389.0,100.0,2017-08-05 16:17:24
392.0,75.0,2017-03-18 11:36:40
392.0,75.0,2016-07-16 17:05:06
392.0,75.0,2018-01-22 18:21:17
392.0,100.0,2015-04-16 22:43:46
392.0,100.0,2018-04-12 20:57:37
392.0,100.0,2017-12-21 20:46:07
392.0,75.0,2017-05-15 13:58:23
392.0,75.0,2017-10-23 19:54:51
392.0,75.0,2017-06-21 18:35:37
392.0,75.0,2017-08-12 13:27:14
392.0,75.0,2016-09-18 18:06:54
392.0,100.0,2018-03-23 13:01:25
394.0,25.0,2016-04-28 15:42:59
394.0,50.0,2015-09-09 19:24:17
394.0,25.0,2016-10-18 13:14:51
394.0,50.0,2018-05-21 21:33:08
394.0,25.0,2016-01-29 14:33:40
394.0,25.0,2017-07-27 18:42:58
394.0,50.0,2016-11-20 14:56:19
394.0,50.0,2015-08-25 16:39:11
394.0,25.0,2015-12-06 19:43:32
394.0,25.0,2016-09-29 18:20:19
394.0,25.0,2017-08-22 14:32:58
394.0,50.0,2016-06-06 15:12:50
395.0,100.0,2018-05-22 21:05:07
395.0,100.0,2017-09-27 17:05:35
396.0,25.0,2016-12-22 17:45:17
396.0,25.0,2017-06-04 20:07:05
396.0,25.0,2017-02-10 16:55:31
396.0,50.0,2017-07-29 19:14:35
396.0,25.0,2017-10-27 11:36:54
396.0,25.0,2015-10-11 16:35:54
396.0,50.0,2017-05-06 13:27:54
396.0,50.0,2015-02-17 14:06:13
397.0,25.0,2017-06-01 15:53:23
397.0,25.0,2017-03-12 18:45:23
397.0,25.0,2017-05-07 11:44:02
397.0,50.0,2017-12-30 15:36:58
398.0,50.0,2018-01-03 12:34:37
398.0,25.0,2018-03-22 22:56:56
398.0,50.0,2017-08-04 22:54:26
398.0,25.0,2018-03-20 19:33:54
398.0,25.0,2018-01-10 17:56:05
398.0,50.0,2018-01-08 16:45:21
400.0,25.0,2015-11-15 14:21:17
400.0,50.0,2015-07-20 20:50:36
400.0,25.0,2017-11-22 22:51:06
400.0,25.0,2016-12-17 11:35:59
400.0,25.0,2017-01-02 12:18:16
400.0,50.0,2016-12-27 22:21:22
400.0,25.0,2018-02-10 14:47:34
400.0,25.0,2017-02-23 21:29:05
407.0,50.0,2017-12-31 16:25:12
407.0,25.0,2018-03-06 22:46:16
407.0,25.0,2018-04-15 22:34:04
407.0,25.0,2018-02-18 15:29:36
407.0,25.0,2018-04-06 16:43:37
408.0,50.0,2018-03-03 21:33:58
408.0,25.0,2018-04-04 13:39:23
408.0,25.0,2017-05-17 16:58:26
408.0,25.0,2018-01-08 22:53:51
408.0,25.0,2018-05-20 18:29:59
408.0,50.0,2017-08-27 12:23:25
410.0,50.0,2018-04-01 11:47:40
410.0,25.0,2017-12-17 17:58:20
411.0,25.0,2018-05-01 18:43:32
412.0,25.0,2018-05-13 15:09:12
412.0,25.0,2018-05-20 20:39:44
413.0,25.0,2015-12-25 20:37:24
413.0,25.0,2015-04-22 19:02:11
413.0,25.0,2017-09-09 13:38:14
413.0,50.0,2017-12-04 18:43:19
413.0,50.0,2018-02-18 18:54:19
413.0,25.0,2016-03-15 16:53:28
414.0,25.0,2018-02-13 22:36:50
414.0,25.0,2018-02-24 12:29:34
414.0,25.0,2018-04-06 19:24:05
414.0,25.0,2018-01-25 18:17:42
415.0,25.0,2017-10-22 18:45:18
415.0,25.0,2017-05-19 14:30:38
418.0,250.0,2017-07-11 19:49:32
419.0,25.0,2017-09-13 19:12:56
420.0,25.0,2017-10-24 13:29:55
421.0,100.0,2016-11-01 22:29:56
421.0,100.0,2018-01-19 11:51:01
421.0,100.0,2017-10-17 20:45:06
421.0,100.0,2017-01-30 15:06:29
422.0,25.0,2017-09-20 12:03:07
422.0,25.0,2017-08-24 11:07:13
422.0,50.0,2017-09-16 15:58:17
422.0,25.0,2018-05-15 14:29:41
423.0,1500.0,2017-11-12 20:29:09
423.0,2000.0,2017-12-09 18:51:46
423.0,1500.0,2018-01-07 17:09:15
425.0,1500.0,2017-07-15 18:45:57
425.0,1000.0,2018-05-21 17:21:36
425.0,1000.0,2017-12-25 13:02:11
425.0,1000.0,2017-08-02 14:03:45
425.0,1000.0,2017-10-31 14:19:28
426.0,50.0,2017-11-11 14:08:53
426.0,50.0,2017-12-04 18:13:12
431.0,250.0,2018-01-17 17:09:11
431.0,250.0,2018-04-04 18:15:34
431.0,250.0,2018-03-26 15:05:45
431.0,500.0,2018-04-11 17:49:16
432.0,25.0,2018-06-01 20:08:24
433.0,25.0,2017-11-21 19:52:04
433.0,25.0,2018-01-16 22:40:57
433.0,25.0,2018-02-21 22:49:23
434.0,1500.0,2018-01-16 11:20:50
435.0,50.0,2018-01-20 14:21:19
435.0,50.0,2017-10-12 14:15:47
435.0,25.0,2017-11-30 17:10:20
435.0,25.0,2018-01-16 13:46:35
436.0,50.0,2017-09-02 16:08:46
436.0,25.0,2017-09-12 13:37:01
436.0,50.0,2018-02-01 18:16:39
436.0,25.0,2018-05-30 12:46:34
436.0,25.0,2017-10-01 22:21:39
437.0,500.0,2018-03-18 19:34:22
438.0,25.0,2017-04-26 18:38:07
438.0,25.0,2018-04-09 13:25:42
439.0,25.0,2017-09-01 14:07:27
439.0,25.0,2017-09-02 14:28:02
439.0,25.0,2017-11-28 19:14:57
440.0,25.0,2018-04-22 22:23:21
440.0,25.0,2017-09-25 12:57:00
440.0,25.0,2017-10-15 18:46:15
440.0,50.0,2017-01-21 20:15:59
442.0,500.0,2016-09-14 21:13:37
442.0,1000.0,2016-06-20 19:47:46
442.0,500.0,2016-12-31 21:24:09
442.0,1000.0,2017-06-04 22:38:33
442.0,500.0,2018-04-21 21:05:23
442.0,1000.0,2016-08-15 18:29:59
442.0,500.0,2015-10-27 19:15:05
442.0,1000.0,2017-12-05 15:44:00
442.0,500.0,2018-03-05 13:41:06
443.0,50.0,2017-08-12 15:59:22
445.0,50.0,2015-09-07 22:38:11
445.0,25.0,2017-07-03 14:36:30
445.0,25.0,2017-11-17 19:46:54
445.0,50.0,2015-04-27 21:07:59
445.0,25.0,2015-10-27 18:23:11
445.0,25.0,2016-09-24 14:56:44
445.0,25.0,2016-07-26 12:49:44
445.0,25.0,2016-09-27 16:45:31
445.0,25.0,2017-01-26 11:14:35
445.0,25.0,2016-03-29 11:53:06
445.0,25.0,2016-05-28 21:48:15
445.0,50.0,2018-03-08 21:16:09
445.0,25.0,2018-02-23 20:21:54
445.0,25.0,2017-10-14 15:10:56
445.0,50.0,2015-11-12 16:58:20
445.0,25.0,2016-05-08 11:39:08
445.0,25.0,2015-07-28 12:11:08
445.0,50.0,2015-12-14 11:30:24
446.0,500.0,2017-07-07 18:13:26
446.0,1000.0,2017-11-18 11:37:03
446.0,1000.0,2017-09-28 18:24:50
446.0,500.0,2017-01-23 14:23:28
447.0,25.0,2018-01-12 22:29:48
447.0,25.0,2018-05-06 17:30:21
447.0,25.0,2018-02-06 18:36:19
447.0,25.0,2018-03-05 14:00:44
447.0,25.0,2018-01-17 13:20:32
447.0,50.0,2018-05-25 21:20:41
447.0,50.0,2018-02-01 13:50:17
448.0,500.0,2017-06-20 21:56:31
448.0,250.0,2017-08-08 16:54:06
448.0,250.0,2017-11-03 17:44:26
448.0,250.0,2017-07-22 15:41:22
450.0,25.0,2017-04-22 11:13:00
450.0,25.0,2018-01-10 13:55:49
453.0,500.0,2018-02-17 14:06:14
453.0,500.0,2018-03-27 22:53:44
454.0,50.0,2018-05-04 19:13:28
456.0,25.0,2017-11-29 12:33:06
456.0,25.0,2018-05-31 11:48:34
456.0,25.0,2018-01-20 13:54:11
456.0,50.0,2017-10-16 15:06:50
456.0,25.0,2015-12-01 22:55:00
456.0,25.0,2015-02-25 19:48:52
456.0,25.0,2015-10-15 11:31:53
456.0,25.0,2018-02-18 20:36:11
456.0,50.0,2016-07-14 11:01:39
456.0,25.0,2017-03-09 20:45:36
456.0,25.0,2015-06-02 15:02:09
456.0,25.0,2017-03-02 12:37:56
459.0,75.0,2017-11-26 12:20:49
459.0,50.0,2017-09-24 19:36:19
459.0,50.0,2018-03-27 16:56:11
459.0,50.0,2017-09-28 14:34:38
459.0,50.0,2018-01-22 17:34:14
459.0,75.0,2017-12-04 18:15:43
460.0,50.0,2017-12-02 16:57:28
464.0,50.0,2017-05-05 20:14:08
464.0,25.0,2017-04-16 13:34:55
465.0,25.0,2018-03-07 18:14:17
465.0,25.0,2017-12-05 22:58:50
465.0,25.0,2018-01-09 20:23:07
465.0,25.0,2017-06-23 16:52:50
469.0,25.0,2018-06-03 21:37:52
469.0,25.0,2017-12-25 14:52:36
471.0,25.0,2018-02-12 21:09:32
471.0,25.0,2017-11-29 19:21:05
471.0,50.0,2017-08-26 20:20:02
471.0,25.0,2018-05-08 19:17:19
472.0,100.0,2017-12-07 17:04:37
473.0,25.0,2017-10-01 18:06:13
474.0,50.0,2017-06-14 22:03:14
474.0,50.0,2016-01-15 20:10:58
474.0,25.0,2015-09-23 20:05:22
478.0,50.0,2017-07-25 22:07:45
479.0,50.0,2016-11-11 12:57:45
479.0,25.0,2017-03-14 15:07:32
479.0,25.0,2017-10-02 12:22:41
479.0,25.0,2016-11-15 20:41:21
480.0,25.0,2018-01-24 14:32:03
483.0,25.0,2018-03-31 19:23:30
483.0,25.0,2017-02-27 17:03:05
483.0,50.0,2017-08-29 12:01:17
486.0,25.0,2017-04-01 15:16:11
486.0,25.0,2016-09-24 19:02:07
487.0,50.0,2017-02-08 17:58:39
487.0,50.0,2016-11-19 17:58:09
487.0,50.0,2018-04-20 14:58:30
487.0,25.0,2017-07-08 17:54:23
488.0,25.0,2017-07-08 13:36:29
488.0,50.0,2017-09-30 17:17:20
489.0,250.0,2017-09-03 13:22:48
489.0,250.0,2018-04-01 21:42:30
490.0,50.0,2017-06-06 14:57:39
490.0,75.0,2016-12-23 11:36:54
490.0,50.0,2016-12-06 14:43:13
490.0,50.0,2017-04-06 11:50:49
490.0,50.0,2016-12-24 21:51:05
490.0,50.0,2015-06-15 21:29:32
490.0,50.0,2015-05-12 19:57:55
490.0,50.0,2015-11-10 13:23:15
490.0,75.0,2017-03-28 20:43:14
490.0,75.0,2015-06-26 22:50:38
490.0,50.0,2017-07-27 16:12:08
490.0,50.0,2016-01-18 15:17:10
490.0,50.0,2017-06-30 13:32:04
490.0,75.0,2016-06-29 12:42:50
490.0,50.0,2018-03-02 21:10:29
490.0,50.0,2017-06-16 22:31:50
490.0,75.0,2017-11-23 18:03:30
490.0,50.0,2017-02-12 13:20:46
490.0,50.0,2018-06-02 12:28:04
490.0,50.0,2015-02-15 21:57:22
491.0,25.0,2017-01-22 12:23:41
491.0,25.0,2018-06-02 19:03:46
491.0,50.0,2017-02-24 22:22:04
491.0,25.0,2018-01-31 15:49:48
495.0,25.0,2017-12-23 20:14:19
495.0,25.0,2018-01-27 20:05:08
495.0,25.0,2018-05-12 22:24:13
496.0,25.0,2017-12-22 18:48:42
496.0,25.0,2018-01-21 22:01:07
496.0,25.0,2018-04-07 22:39:43
496.0,50.0,2017-09-13 17:52:17
498.0,50.0,2017-08-10 18:01:28
498.0,25.0,2017-02-12 16:01:31
498.0,25.0,2017-12-27 16:33:30
498.0,25.0,2016-12-26 15:36:15
498.0,25.0,2016-11-15 20:27:49
498.0,50.0,2017-09-23 13:50:30
498.0,50.0,2017-10-03 21:32:19
498.0,25.0,2017-02-20 11:29:33
499.0,75.0,2016-11-07 17:51:22
499.0,75.0,2017-03-23 12:51:04
499.0,75.0,2017-10-02 18:00:03
499.0,100.0,2016-03-24 15:07:09
499.0,75.0,2017-09-14 11:21:47
499.0,100.0,2017-09-29 18:45:15
501.0,25.0,2017-05-14 21:02:38
501.0,50.0,2017-01-01 14:31:02
501.0,25.0,2017-07-31 20:33:21
501.0,50.0,2018-02-20 19:05:29
502.0,25.0,2016-12-10 11:47:29
502.0,50.0,2017-11-27 15:42:10
502.0,25.0,2016-03-06 12:54:46
503.0,100.0,2018-01-22 12:06:42
503.0,75.0,2018-03-19 22:04:47
504.0,500.0,2018-04-09 19:11:46
504.0,500.0,2018-01-30 22:49:45
504.0,500.0,2018-05-31 21:28:22
507.0,50.0,2018-04-05 18:33:24
507.0,25.0,2017-11-05 13:38:49
507.0,25.0,2018-01-06 17:55:49
509.0,50.0,2015-06-24 22:02:05
509.0,25.0,2015-09-30 18:58:55
509.0,50.0,2016-11-01 11:46:53
509.0,25.0,2016-08-16 22:11:59
509.0,50.0,2016-02-08 21:49:54
509.0,25.0,2015-03-03 13:33:57
509.0,25.0,2017-08-18 15:31:56
509.0,25.0,2018-01-10 15:50:36
510.0,25.0,2016-07-24 17:40:36
510.0,25.0,2017-12-23 11:21:52
510.0,25.0,2017-01-26 19:58:49
510.0,25.0,2016-07-24 16:55:36
514.0,1500.0,2017-12-01 20:09:33
514.0,1500.0,2017-01-01 15:28:50
514.0,1500.0,2016-08-22 14:30:00
514.0,1000.0,2015-10-30 12:34:05
514.0,1000.0,2017-04-07 12:43:57
514.0,1000.0,2017-12-20 17:10:27
519.0,25.0,2018-04-14 21:33:03
519.0,25.0,2017-11-05 19:13:48
520.0,25.0,2018-03-31 16:56:04
522.0,25.0,2017-04-28 16:09:02
522.0,25.0,2016-12-23 16:04:51
522.0,50.0,2018-04-08 22:06:58
522.0,25.0,2017-01-05 12:59:37
523.0,250.0,2016-07-03 14:31:09
523.0,250.0,2017-11-15 11:35:49
525.0,50.0,2017-03-15 13:13:38
525.0,25.0,2018-05-28 22:06:58
525.0,25.0,2016-02-23 18:17:06
525.0,25.0,2017-12-13 15:37:23
525.0,50.0,2016-06-25 11:17:01
525.0,25.0,2017-08-24 12:19:48
525.0,50.0,2017-12-19 22:26:30
525.0,25.0,2017-10-31 13:33:56
525.0,25.0,2016-05-31 12:22:23
528.0,50.0,2018-05-02 19:01:59
528.0,25.0,2017-09-21 16:53:43
528.0,25.0,2017-11-23 15:55:20
533.0,100.0,2015-12-16 13:21:31
533.0,100.0,2018-04-28 12:12:23
533.0,100.0,2016-02-14 18:43:24
534.0,25.0,2016-01-20 19:50:03
534.0,50.0,2018-03-18 16:11:28
534.0,25.0,2016-03-28 13:13:15
534.0,50.0,2015-08-21 16:55:02
534.0,25.0,2018-02-10 15:00:18
534.0,25.0,2018-04-03 11:51:27
534.0,25.0,2015-05-09 13:25:44
534.0,25.0,2017-05-23 13:13:07
534.0,25.0,2018-04-13 11:47:48
534.0,25.0,2018-03-20 11:16:53
534.0,25.0,2018-03-21 18:18:26
534.0,25.0,2018-04-12 11:05:00
535.0,250.0,2018-03-24 19:52:34
538.0,25.0,2017-07-21 12:17:39
538.0,50.0,2016-05-16 16:57:53
538.0,25.0,2017-05-25 12:00:47
538.0,25.0,2017-12-03 13:10:46
538.0,50.0,2016-04-08 11:17:29
538.0,50.0,2017-11-28 20:54:40
538.0,25.0,2018-02-28 17:56:57
538.0,25.0,2018-03-13 11:40:21
538.0,25.0,2017-10-14 16:47:41
538.0,25.0,2016-06-27 18:32:51
538.0,25.0,2016-11-27 19:05:34
538.0,50.0,2016-02-03 19:36:44
540.0,25.0,2018-03-06 12:33:49
540.0,25.0,2018-05-04 12:09:42
540.0,25.0,2017-03-10 20:06:51
540.0,50.0,2018-02-20 11:04:07
540.0,25.0,2016-08-31 15:42:00
540.0,25.0,2016-12-29 14:57:00
540.0,50.0,2017-01-01 22:46:53
540.0,25.0,2018-04-13 21:02:31
541.0,25.0,2016-06-14 17:35:09
541.0,25.0,2018-04-05 11:04:19
541.0,50.0,2016-10-16 18:43:20
541.0,25.0,2018-03-19 15:32:51
544.0,25.0,2016-02-06 16:11:07
544.0,50.0,2015-08-27 20:34:20
544.0,25.0,2018-02-19 14:33:01
546.0,50.0,2018-02-25 19:46:39
546.0,50.0,2018-01-09 18:50:05
546.0,50.0,2017-10-27 15:29:16
546.0,75.0,2018-04-25 19:01:01
546.0,50.0,2017-10-24 22:09:54
549.0,25.0,2018-03-16 14:16:00
549.0,25.0,2018-04-16 15:12:45
549.0,25.0,2018-03-21 11:07:21
549.0,25.0,2018-05-06 20:36:15
549.0,25.0,2018-02-16 11:27:31
550.0,500.0,2016-07-15 11:16:26
550.0,250.0,2018-02-11 21:15:37
550.0,250.0,2016-06-25 19:07:28
550.0,250.0,2017-12-29 11:36:31
550.0,500.0,2016-02-17 14:28:13
550.0,250.0,2015-03-29 12:11:17
550.0,250.0,2017-12-18 18:23:07
550.0,500.0,2017-08-02 14:00:20
550.0,500.0,2018-03-28 11:47:16
550.0,500.0,2018-01-14 20:11:56
550.0,250.0,2016-11-19 20:00:47
550.0,250.0,2017-03-03 16:34:17
550.0,250.0,2018-03-10 20:21:00
550.0,500.0,2016-05-26 18:03:08
550.0,250.0,2016-03-14 16:59:05
550.0,250.0,2016-09-20 22:52:13
550.0,250.0,2018-01-12 19:21:21
550.0,500.0,2016-09-02 20:19:26
550.0,250.0,2016-12-20 21:15:36
550.0,500.0,2016-05-27 21:03:54
550.0,250.0,2016-01-26 13:50:31
550.0,250.0,2017-10-22 12:12:17
550.0,500.0,2015-03-07 18:44:28
550.0,250.0,2018-04-09 17:36:18
551.0,25.0,2018-03-09 14:38:51
551.0,25.0,2017-12-16 19:38:27
551.0,25.0,2017-12-22 21:15:10
553.0,25.0,2017-09-07 16:15:43
553.0,25.0,2017-10-01 15:06:27
554.0,25.0,2018-02-04 18:32:07
554.0,50.0,2017-03-29 19:51:23
554.0,25.0,2017-11-09 16:07:40
554.0,50.0,2017-01-30 16:16:07
554.0,50.0,2017-03-20 22:18:19
554.0,25.0,2016-09-23 12:30:44
555.0,25.0,2016-02-15 18:58:28
555.0,25.0,2016-08-18 16:45:08
555.0,25.0,2017-05-31 19:52:14
559.0,50.0,2017-06-12 12:10:56
561.0,1000.0,2017-08-06 20:26:11
561.0,500.0,2018-05-10 13:48:16
561.0,500.0,2016-11-14 16:19:50
561.0,500.0,2016-04-17 22:48:35
561.0,1000.0,2016-09-20 12:23:53
561.0,500.0,2017-01-18 11:33:57
561.0,1000.0,2016-10-17 21:55:21
561.0,500.0,2016-05-29 19:34:36
561.0,500.0,2017-01-03 13:11:56
566.0,25.0,2017-10-13 11:10:28
566.0,25.0,2018-02-24 15:44:17
566.0,50.0,2017-11-12 16:32:57
567.0,25.0,2017-09-20 14:23:52
567.0,25.0,2016-02-26 13:50:46
567.0,25.0,2015-10-14 22:49:36
568.0,250.0,2017-12-09 20:09:49
568.0,100.0,2018-05-16 17:27:52
568.0,100.0,2016-12-22 22:35:48
568.0,100.0,2016-12-12 13:42:10
568.0,100.0,2016-11-18 19:37:35
568.0,100.0,2017-07-28 19:57:31
568.0,100.0,2017-11-04 22:15:18
568.0,100.0,2017-07-24 12:20:35
569.0,25.0,2017-08-23 20:27:04
569.0,25.0,2015-09-17 15:15:55
569.0,50.0,2016-05-05 18:58:40
569.0,25.0,2016-05-17 19:54:00
569.0,50.0,2016-02-24 13:58:47
569.0,25.0,2016-10-23 19:30:16
569.0,50.0,2018-01-03 19:42:09
569.0,50.0,2016-06-25 15:09:30
569.0,50.0,2015-10-04 11:46:41
570.0,25.0,2018-05-20 11:00:03
573.0,75.0,2017-07-15 21:27:28
573.0,75.0,2017-03-14 18:30:33
574.0,1500.0,2016-03-07 15:50:35
574.0,1500.0,2017-09-20 20:16:29
574.0,2000.0,2016-07-25 19:19:02
574.0,2000.0,2017-09-23 14:30:48
574.0,2000.0,2018-05-09 17:51:54
574.0,2000.0,2015-12-24 20:01:53
574.0,1500.0,2018-03-02 15:00:11
574.0,2000.0,2016-05-25 13:47:24
574.0,2000.0,2017-06-04 16:03:36
574.0,1500.0,2017-07-03 21:47:23
574.0,1500.0,2017-09-09 16:15:17
574.0,1500.0,2016-01-08 22:30:48
575.0,25.0,2018-03-25 14:58:43
577.0,1000.0,2018-01-15 21:26:41
577.0,1500.0,2017-07-20 17:21:19
577.0,1000.0,2017-06-22 12:14:42
578.0,25.0,2017-10-17 18:43:45
578.0,50.0,2017-05-31 16:49:29
580.0,50.0,2015-06-04 13:40:09
580.0,25.0,2016-11-03 16:56:32
580.0,50.0,2016-04-19 16:31:38
581.0,25.0,2016-03-27 22:50:18
581.0,25.0,2017-02-11 22:01:04
581.0,25.0,2017-05-22 11:15:20
581.0,25.0,2016-07-21 16:56:27
581.0,25.0,2016-07-14 16:02:06
581.0,25.0,2016-07-28 18:34:44
584.0,25.0,2018-04-13 18:21:48
584.0,25.0,2017-09-03 15:14:07
584.0,25.0,2016-05-27 22:49:56
584.0,50.0,2017-10-05 22:46:27
584.0,50.0,2018-01-15 16:18:49
584.0,25.0,2015-10-05 13:56:29
584.0,50.0,2016-10-23 22:19:46
584.0,25.0,2018-01-27 18:08:51
585.0,25.0,2017-11-06 17:33:35
585.0,25.0,2015-08-14 19:12:17
585.0,25.0,2015-12-28 16:27:42
585.0,25.0,2017-07-24 17:16:06
585.0,25.0,2015-12-04 21:22:40
585.0,25.0,2015-08-19 20:58:17
585.0,25.0,2017-08-22 15:45:36
585.0,25.0,2016-01-02 11:40:35
585.0,50.0,2016-03-16 13:43:21
585.0,25.0,2016-04-02 13:40:18
585.0,25.0,2017-04-12 12:26:58
585.0,50.0,2015-09-25 14:13:38
585.0,25.0,2018-02-18 16:29:47
585.0,25.0,2017-06-23 17:44:36
585.0,25.0,2015-04-26 21:16:37
585.0,50.0,2015-03-18 19:21:16
591.0,25.0,2015-07-18 15:46:55
591.0,25.0,2016-01-07 21:55:13
591.0,25.0,2017-11-05 12:14:00
591.0,25.0,2016-01-08 11:36:31
591.0,25.0,2016-03-23 12:25:47
591.0,25.0,2016-04-08 22:00:07
591.0,50.0,2016-05-18 22:12:57
591.0,25.0,2017-10-18 13:48:15
591.0,25.0,2016-02-20 18:56:18
591.0,50.0,2017-11-29 16:22:02
591.0,50.0,2017-01-03 16:41:43
591.0,25.0,2018-03-13 21:44:33
593.0,50.0,2018-06-01 12:45:20
593.0,50.0,2018-02-02 12:06:46
593.0,25.0,2018-04-15 15:19:48
593.0,25.0,2018-02-28 12:06:09
593.0,25.0,2017-12-22 22:29:31
594.0,100.0,2016-10-16 17:51:07
594.0,100.0,2017-05-02 19:22:33
594.0,100.0,2017-12-14 17:34:42
594.0,100.0,2016-10-19 11:10:28
594.0,250.0,2017-10-27 22:44:38
594.0,250.0,2017-05-20 15:48:40
594.0,100.0,2018-05-06 17:50:44
594.0,100.0,2018-03-28 14:15:48
601.0,25.0,2017-04-21 21:55:07
601.0,25.0,2017-11-21 12:16:49
601.0,25.0,2017-09-14 15:01:50
601.0,50.0,2017-11-21 19:21:42
603.0,25.0,2016-07-21 14:49:08
603.0,50.0,2017-01-18 20:45:05
603.0,25.0,2017-12-29 20:39:28
603.0,25.0,2018-05-30 14:50:41
607.0,25.0,2017-11-01 20:05:49
607.0,25.0,2017-08-25 19:40:20
608.0,25.0,2016-05-01 12:09:24
608.0,25.0,2017-10-24 13:13:15
608.0,25.0,2018-03-03 17:03:48
608.0,50.0,2015-12-10 12:23:21
608.0,25.0,2018-03-15 21:19:49
608.0,25.0,2015-02-13 17:27:47
608.0,25.0,2016-08-15 17:30:39
608.0,25.0,2015-07-05 22:22:50
608.0,25.0,2018-03-09 21:40:39
608.0,50.0,2018-05-12 18:10:35
608.0,25.0,2016-02-02 19:05:51
608.0,25.0,2017-08-07 14:26:16
610.0,75.0,2016-05-28 22:24:54
610.0,75.0,2017-07-10 21:29:19
610.0,50.0,2017-03-04 14:21:40
610.0,75.0,2016-08-15 13:08:44
610.0,50.0,2018-05-22 19:59:06
610.0,50.0,2016-05-14 17:06:11
610.0,50.0,2016-09-17 11:46:44
610.0,50.0,2016-07-04 11:28:42
610.0,50.0,2017-02-23 11:14:29
610.0,50.0,2017-04-06 19:49:11
612.0,25.0,2017-05-29 21:39:01
613.0,50.0,2018-02-19 19:03:13
613.0,25.0,2017-12-01 11:13:58
615.0,25.0,2018-02-28 13:07:34
615.0,50.0,2017-12-14 20:12:18
615.0,25.0,2018-04-29 22:36:54
617.0,25.0,2016-10-14 17:39:31
617.0,50.0,2017-10-06 14:34:10
617.0,25.0,2015-11-05 18:36:30
617.0,50.0,2016-11-01 16:59:31
617.0,50.0,2017-08-26 17:48:27
617.0,25.0,2017-08-27 11:08:14
617.0,25.0,2017-07-11 20:56:32
617.0,25.0,2017-10-08 21:41:07
617.0,25.0,2017-11-16 16:08:12
617.0,25.0,2016-03-08 15:03:56
617.0,50.0,2015-11-03 14:34:31
617.0,25.0,2017-01-10 13:24:27
618.0,50.0,2018-04-24 22:49:02
618.0,75.0,2018-01-03 12:28:43
619.0,25.0,2016-05-21 11:15:21
619.0,50.0,2017-01-19 13:32:09
619.0,50.0,2017-04-30 15:31:41
619.0,50.0,2017-09-17 16:06:54
621.0,100.0,2017-09-04 21:07:19
623.0,1000.0,2018-02-07 13:58:45
623.0,500.0,2018-02-10 13:10:00
623.0,1000.0,2018-05-14 21:44:20
623.0,500.0,2018-03-04 13:36:25
624.0,25.0,2017-07-11 15:56:40
624.0,50.0,2016-04-29 19:02:28
624.0,25.0,2017-08-22 21:41:59
624.0,50.0,2016-06-28 22:06:31
627.0,100.0,2017-06-18 12:12:33
627.0,100.0,2018-04-24 11:20:40
629.0,50.0,2018-02-08 18:07:40
629.0,25.0,2017-03-21 15:32:11
631.0,1500.0,2017-09-10 17:51:45
631.0,1000.0,2018-04-10 21:56:06
632.0,50.0,2018-04-01 19:17:31
632.0,50.0,2018-05-23 19:05:28
638.0,2000.0,2017-08-14 17:31:25
638.0,1500.0,2018-01-20 15:07:26
638.0,1500.0,2016-05-28 14:45:57
638.0,1500.0,2018-05-30 12:51:47
638.0,2000.0,2017-08-25 11:31:14
638.0,1500.0,2016-11-21 17:14:26
638.0,1500.0,2016-03-13 20:36:34
638.0,1500.0,2016-12-15 21:40:35
638.0,1500.0,2016-11-16 22:25:43
638.0,1500.0,2018-04-13 22:32:03
638.0,1500.0,2018-01-04 17:16:11
638.0,1500.0,2017-12-26 13:49:13
639.0,250.0,2018-01-05 11:11:38
639.0,250.0,2017-12-11 11:41:36
639.0,250.0,2018-04-17 18:28:58
640.0,50.0,2017-09-05 15:08:34
640.0,50.0,2017-07-10 13:18:38
640.0,50.0,2017-08-27 22:47:53
640.0,25.0,2017-09-29 14:51:21
640.0,50.0,2017-06-30 13:30:39
640.0,25.0,2017-11-15 16:20:50
640.0,25.0,2017-07-24 18:24:26
642.0,1000.0,2018-03-07 17:33:25
642.0,1000.0,2018-02-20 14:00:51
647.0,250.0,2015-05-23 14:09:38
647.0,250.0,2016-01-11 20:17:00
647.0,100.0,2016-09-20 12:21:12
647.0,250.0,2016-05-22 22:56:42
647.0,100.0,2017-02-18 12:42:42
647.0,100.0,2015-03-10 21:24:55
648.0,250.0,2016-05-08 21:36:02
648.0,250.0,2017-10-24 11:45:39
648.0,100.0,2015-09-27 16:42:38
649.0,50.0,2017-09-24 18:15:39
649.0,25.0,2017-03-19 22:40:48
650.0,50.0,2018-05-31 18:04:09
650.0,25.0,2017-07-07 19:42:58
650.0,25.0,2017-05-13 13:00:39
650.0,50.0,2018-02-03 18:19:49
651.0,25.0,2017-11-07 17:33:32
651.0,25.0,2017-11-08 21:06:36
651.0,25.0,2018-03-25 19:54:33
651.0,50.0,2018-03-29 16:25:34
651.0,25.0,2018-02-27 19:31:45
655.0,75.0,2018-04-20 11:50:19
655.0,100.0,2018-01-13 19:41:29
658.0,50.0,2017-11-26 22:57:14
658.0,25.0,2018-05-04 17:29:32
658.0,25.0,2017-07-19 20:52:42
658.0,25.0,2018-04-03 16:36:39
658.0,50.0,2017-01-02 17:43:48
658.0,25.0,2017-03-06 20:47:12
659.0,1500.0,2018-03-25 18:56:58
659.0,1000.0,2016-10-28 21:48:08
659.0,1500.0,2016-07-28 15:38:24
659.0,1500.0,2016-01-30 13:07:34
659.0,1500.0,2017-01-03 12:38:06
659.0,1500.0,2016-10-31 22:45:36
659.0,1000.0,2016-05-25 21:53:36
659.0,1000.0,2016-10-06 11:10:54
661.0,100.0,2017-07-21 12:47:54
661.0,75.0,2016-02-11 21:04:07
661.0,75.0,2017-02-07 19:41:30
661.0,75.0,2016-06-18 14:07:05
661.0,75.0,2016-03-27 21:57:21
661.0,75.0,2016-10-12 13:58:27
661.0,75.0,2015-09-02 15:29:14
661.0,75.0,2017-02-20 15:28:16
661.0,75.0,2017-04-05 12:28:04
661.0,75.0,2016-06-28 17:43:37
661.0,75.0,2017-07-04 21:43:58
661.0,75.0,2017-05-14 11:22:25
662.0,50.0,2017-04-25 13:44:03
662.0,25.0,2016-11-06 12:14:25
662.0,25.0,2016-12-14 21:14:08
662.0,25.0,2017-01-16 19:23:56
662.0,50.0,2015-08-26 22:35:55
662.0,25.0,2015-12-26 22:15:55
662.0,25.0,2017-04-13 12:02:09
662.0,50.0,2016-07-17 19:03:45
662.0,50.0,2018-02-26 11:54:37
662.0,25.0,2018-04-06 19:05:59
662.0,50.0,2018-04-12 13:53:36
662.0,50.0,2016-02-01 19:56:38
662.0,25.0,2015-12-04 11:48:16
662.0,25.0,2016-08-23 20:40:37
662.0,25.0,2015-11-25 20:51:52
664.0,25.0,2017-03-10 19:03:48
664.0,25.0,2018-02-18 15:37:35
664.0,25.0,2017-07-18 17:18:35
665.0,50.0,2018-05-30 11:29:26
669.0,75.0,2017-12-20 11:40:54
669.0,50.0,2017-11-23 14:44:27
674.0,1000.0,2018-03-24 21:17:25
674.0,1500.0,2018-01-03 22:18:25
674.0,1000.0,2016-10-17 20:47:04
674.0,1000.0,2016-02-13 17:53:10
674.0,1000.0,2015-12-05 19:29:05
674.0,1000.0,2017-12-13 12:10:20
675.0,25.0,2017-09-23 12:12:33
676.0,100.0,2017-08-02 19:22:45
676.0,100.0,2017-07-02 19:16:21
677.0,25.0,2017-12-04 21:24:39
677.0,25.0,2018-02-10 15:30:35
678.0,25.0,2016-10-14 21:39:34
678.0,25.0,2017-04-13 13:18:15
678.0,50.0,2015-12-11 18:19:06
678.0,50.0,2017-06-30 21:30:25
681.0,25.0,2017-04-16 18:27:51
681.0,25.0,2016-05-01 16:35:45
681.0,25.0,2016-11-13 22:56:50
681.0,50.0,2018-04-16 15:25:08
682.0,25.0,2017-11-30 16:52:15
682.0,50.0,2017-07-10 11:28:51
683.0,50.0,2018-05-09 18:24:42
683.0,25.0,2018-02-10 16:23:49
684.0,25.0,2018-05-20 13:26:46
684.0,50.0,2016-10-24 17:32:17
686.0,25.0,2017-10-05 22:07:41
688.0,100.0,2017-11-12 16:44:06
688.0,75.0,2016-12-08 17:27:49
688.0,75.0,2017-06-12 19:05:14
688.0,75.0,2017-07-05 14:35:00
688.0,75.0,2018-02-01 17:25:07
688.0,75.0,2016-12-10 12:18:20
690.0,25.0,2016-05-25 16:48:23
690.0,25.0,2017-04-01 17:08:03
691.0,25.0,2018-02-19 11:07:24
694.0,50.0,2017-08-16 18:39:03
694.0,25.0,2016-03-29 19:36:55
694.0,25.0,2015-06-21 14:10:44
694.0,25.0,2017-06-13 14:13:17
694.0,25.0,2017-07-18 21:53:23
694.0,50.0,2017-06-15 11:31:40
694.0,25.0,2016-08-18 11:58:31
694.0,25.0,2018-01-05 15:33:56
694.0,25.0,2016-10-07 20:21:07
694.0,25.0,2015-08-20 14:56:55
694.0,50.0,2017-01-14 20:29:42
694.0,50.0,2015-11-25 12:05:31
697.0,25.0,2015-11-01 16:56:53
697.0,25.0,2015-06-24 21:16:16
697.0,50.0,2016-01-22 11:42:46
697.0,25.0,2017-04-06 19:36:20
697.0,25.0,2016-03-29 20:35:39
697.0,25.0,2018-01-13 19:36:48
697.0,50.0,2017-08-27 22:38:23
697.0,25.0,2016-02-03 20:29:31
697.0,25.0,2017-07-21 22:02:16
697.0,25.0,2015-07-05 19:19:49
697.0,25.0,2015-12-19 20:05:36
697.0,50.0,2016-10-14 21:41:32
698.0,25.0,2017-07-31 21:16:15
698.0,50.0,2016-01-31 11:57:52
698.0,50.0,2017-08-15 22:34:19
698.0,50.0,2016-02-19 21:57:02
698.0,25.0,2015-11-20 19:34:15
698.0,25.0,2016-11-29 17:38:38
701.0,50.0,2017-08-23 18:03:51
701.0,50.0,2017-10-07 22:45:34
701.0,25.0,2015-11-06 15:13:01
701.0,25.0,2015-05-22 11:54:37
701.0,50.0,2017-02-21 19:19:17
701.0,25.0,2016-01-29 22:41:05
701.0,25.0,2017-11-02 20:14:19
701.0,25.0,2017-12-29 16:01:58
701.0,50.0,2018-05-01 19:59:09
701.0,50.0,2015-06-09 19:26:03
701.0,25.0,2017-08-31 14:03:47
701.0,50.0,2016-12-15 20:36:07
701.0,50.0,2016-10-02 21:55:22
701.0,25.0,2015-06-27 20:19:38
701.0,25.0,2016-08-08 11:22:08
701.0,50.0,2016-06-14 20:39:01
701.0,25.0,2015-12-04 19:55:11
701.0,25.0,2017-07-14 22:05:40
701.0,25.0,2017-05-11 16:41:48
701.0,25.0,2016-12-29 14:06:19
702.0,50.0,2018-01-22 15:27:24
702.0,25.0,2018-05-08 22:54:22
706.0,100.0,2018-01-12 14:00:33
706.0,100.0,2018-02-19 12:41:10
706.0,100.0,2018-05-08 18:51:48
710.0,25.0,2018-02-03 21:57:21
711.0,25.0,2017-11-21 20:39:42
711.0,25.0,2017-06-18 19:44:31
711.0,25.0,2016-12-24 18:27:30
711.0,25.0,2016-12-27 21:35:52
712.0,25.0,2018-01-16 18:43:26
712.0,50.0,2018-03-18 16:19:27
712.0,50.0,2018-03-31 14:10:37
712.0,50.0,2018-05-21 19:10:44
714.0,25.0,2017-12-01 17:00:00
714.0,25.0,2018-04-03 22:05:32
714.0,25.0,2018-05-23 20:01:59
715.0,500.0,2017-10-20 14:29:21
715.0,500.0,2018-03-14 22:27:51
715.0,500.0,2018-03-13 21:36:38
716.0,250.0,2017-05-27 19:34:14
716.0,250.0,2017-07-11 22:33:21
716.0,500.0,2016-12-19 17:52:51
716.0,250.0,2018-01-13 16:05:28
718.0,50.0,2017-11-22 19:19:43
718.0,75.0,2018-05-21 12:44:13
719.0,25.0,2016-03-31 17:51:57
719.0,25.0,2017-07-14 21:31:11
719.0,25.0,2016-09-30 15:06:14
719.0,25.0,2018-02-09 16:28:10
719.0,25.0,2017-02-14 12:50:57
719.0,25.0,2017-02-03 11:04:11
719.0,25.0,2015-12-19 11:43:00
719.0,25.0,2018-02-12 18:37:04
719.0,50.0,2018-05-07 17:59:11
719.0,25.0,2017-07-24 14:33:32
719.0,25.0,2015-12-18 13:45:16
719.0,50.0,2017-07-26 16:29:59
719.0,25.0,2017-03-01 14:59:43
719.0,50.0,2015-06-11 19:14:18
719.0,50.0,2016-08-26 21:17:26
719.0,25.0,2016-11-28 21:51:10
720.0,50.0,2018-03-27 15:48:08
720.0,50.0,2018-04-28 20:00:18
720.0,50.0,2018-02-24 15:01:40
720.0,25.0,2017-02-25 17:53:17
720.0,25.0,2016-05-12 15:17:06
720.0,50.0,2017-04-04 13:18:55
720.0,50.0,2016-12-30 15:26:39
720.0,25.0,2018-01-23 20:15:57
720.0,25.0,2017-02-08 19:43:58
720.0,50.0,2017-07-11 17:23:39
722.0,25.0,2018-02-25 21:41:32
722.0,25.0,2018-02-21 21:13:08
723.0,250.0,2017-08-22 11:24:06
723.0,250.0,2017-09-13 12:46:14
723.0,250.0,2017-07-15 12:53:09
723.0,250.0,2017-03-01 16:16:12
724.0,1000.0,2017-02-19 14:16:51
724.0,1000.0,2018-03-25 20:06:11
724.0,1000.0,2017-08-12 15:37:46
725.0,100.0,2018-03-09 18:48:11
726.0,25.0,2018-04-15 18:10:47
726.0,25.0,2016-12-05 11:55:30
730.0,50.0,2018-01-01 19:48:13
730.0,75.0,2017-10-16 17:37:19
731.0,100.0,2017-03-26 20:11:29
732.0,50.0,2018-05-13 19:47:25
732.0,50.0,2017-11-11 22:44:44
734.0,25.0,2018-02-11 12:20:58
734.0,50.0,2017-10-30 14:13:52
734.0,25.0,2018-05-09 19:09:00
735.0,25.0,2018-01-07 13:02:38
735.0,25.0,2018-03-17 15:20:40
735.0,25.0,2018-02-06 22:51:14
735.0,50.0,2017-11-26 22:47:23
736.0,50.0,2016-05-06 17:20:27
736.0,25.0,2017-05-23 12:11:18
736.0,25.0,2016-10-28 11:42:20
736.0,25.0,2015-06-12 19:55:32
736.0,50.0,2015-10-09 12:57:11
736.0,25.0,2016-08-15 16:24:46
736.0,50.0,2016-12-31 16:10:53
736.0,25.0,2016-06-10 22:03:56
736.0,50.0,2016-12-09 20:09:55
736.0,25.0,2016-11-22 22:51:53
736.0,50.0,2015-06-04 22:49:14
736.0,25.0,2016-07-31 18:26:59
737.0,25.0,2018-03-21 11:19:47
737.0,25.0,2018-05-12 21:18:34
743.0,25.0,2017-01-24 13:17:33
743.0,25.0,2016-12-31 21:51:56
745.0,25.0,2017-12-14 19:57:35
745.0,50.0,2017-01-07 19:26:49
747.0,1000.0,2017-11-05 13:55:56
748.0,250.0,2018-04-30 19:23:34
748.0,250.0,2017-09-20 20:50:25
748.0,500.0,2017-11-25 12:40:13
749.0,25.0,2017-12-31 21:14:54
749.0,25.0,2018-05-07 22:09:01
749.0,25.0,2018-01-07 12:06:33
749.0,25.0,2016-10-09 14:14:21
750.0,50.0,2016-12-28 12:16:38
750.0,25.0,2016-10-05 16:20:39
750.0,25.0,2017-05-11 13:14:18
750.0,25.0,2017-09-07 14:57:40
750.0,50.0,2015-12-11 15:05:29
750.0,50.0,2017-07-06 17:17:45
750.0,25.0,2015-07-25 14:05:58
750.0,25.0,2017-02-14 12:20:52
750.0,25.0,2015-06-30 16:43:58
751.0,25.0,2015-04-19 19:13:01
751.0,25.0,2016-04-26 18:00:30
751.0,25.0,2018-03-26 11:47:02
751.0,25.0,2015-07-21 15:39:17
752.0,50.0,2016-09-22 18:27:57
752.0,25.0,2016-08-06 12:30:22
752.0,25.0,2018-02-19 19:03:31
752.0,50.0,2018-02-04 18:03:40
753.0,1000.0,2017-03-18 14:23:50
753.0,1500.0,2017-07-07 21:10:06
753.0,1000.0,2016-04-15 15:45:43
753.0,1500.0,2016-06-17 21:20:05
753.0,1500.0,2018-03-25 16:33:02
753.0,1000.0,2017-03-25 11:14:26
753.0,1000.0,2015-10-03 20:48:27
753.0,1500.0,2017-05-01 16:35:09
753.0,1000.0,2016-10-12 15:17:15
753.0,1000.0,2015-02-21 18:58:49
753.0,1000.0,2016-11-02 17:05:34
753.0,1000.0,2016-04-05 22:16:10
753.0,1000.0,2016-02-07 11:50:39
753.0,1000.0,2016-11-27 13:15:24
753.0,1500.0,2016-12-02 16:17:28
753.0,1000.0,2016-03-25 14:07:06
753.0,1000.0,2015-07-04 12:30:06
753.0,1000.0,2016-01-24 21:50:41
753.0,1000.0,2017-10-19 14:00:35
753.0,1500.0,2015-05-23 20:18:01
754.0,50.0,2017-02-12 20:42:31
754.0,25.0,2016-01-02 12:36:27
754.0,25.0,2015-08-23 11:34:28
754.0,25.0,2017-03-06 19:26:01
754.0,25.0,2015-02-20 16:47:07
754.0,50.0,2016-06-10 20:44:47
754.0,25.0,2018-01-11 19:23:22
754.0,25.0,2016-07-01 11:31:50
754.0,25.0,2016-01-03 12:49:21
754.0,25.0,2016-03-03 13:53:46
754.0,25.0,2017-06-14 14:49:11
754.0,50.0,2016-03-24 15:25:52
758.0,250.0,2016-02-25 16:50:55
758.0,250.0,2015-05-03 21:10:55
758.0,250.0,2016-07-29 21:42:49
758.0,250.0,2015-07-09 22:10:48
758.0,500.0,2017-05-06 18:54:41
758.0,500.0,2018-03-18 22:26:50
758.0,250.0,2018-03-18 17:07:11
758.0,500.0,2015-09-22 17:00:47
758.0,250.0,2017-01-07 18:37:17
758.0,250.0,2015-03-05 21:39:59
758.0,250.0,2018-04-15 16:27:21
758.0,250.0,2015-11-20 11:09:25
759.0,1000.0,2016-09-02 12:39:36
759.0,1000.0,2018-05-08 21:33:34
760.0,1000.0,2018-04-26 22:47:41
760.0,500.0,2018-04-28 14:35:28
761.0,500.0,2017-04-10 12:49:05
763.0,25.0,2018-01-21 18:16:06
763.0,50.0,2017-01-22 21:13:14
763.0,25.0,2017-04-06 17:30:36
763.0,50.0,2017-06-09 19:12:27
763.0,50.0,2018-05-15 14:39:17
763.0,50.0,2015-11-16 16:28:48
763.0,25.0,2016-10-12 11:02:00
763.0,50.0,2017-07-29 13:37:50
763.0,25.0,2017-03-21 18:52:44
765.0,50.0,2017-12-10 20:36:31
765.0,50.0,2017-12-25 18:34:13
766.0,50.0,2018-05-04 16:50:39
766.0,25.0,2017-04-08 22:35:47
766.0,50.0,2015-04-06 13:01:24
766.0,25.0,2017-03-25 13:57:03
767.0,1000.0,2016-10-11 20:37:07
767.0,500.0,2016-10-15 15:34:15
767.0,1000.0,2017-07-02 21:09:38
767.0,500.0,2015-04-14 22:17:23
767.0,500.0,2018-01-15 14:11:55
767.0,500.0,2017-09-25 15:47:20
767.0,500.0,2016-02-21 18:00:03
767.0,500.0,2018-03-23 20:32:35
768.0,75.0,2017-10-27 17:26:12
772.0,50.0,2018-03-26 16:51:22
772.0,50.0,2017-11-14 11:37:46
773.0,25.0,2017-11-21 11:08:55
773.0,25.0,2017-11-03 16:23:59
773.0,25.0,2017-09-20 22:45:48
774.0,50.0,2017-09-15 22:29:55
774.0,25.0,2016-05-22 21:38:29
774.0,25.0,2017-06-03 17:37:38
774.0,25.0,2017-07-14 14:11:06
774.0,25.0,2017-01-21 18:51:30
774.0,25.0,2017-11-14 12:20:56
774.0,25.0,2016-05-25 18:09:20
774.0,25.0,2017-07-01 21:38:57
774.0,25.0,2017-03-07 13:37:15
775.0,2000.0,2017-10-30 16:22:40
775.0,1500.0,2017-09-26 21:30:43
775.0,1500.0,2015-09-27 19:33:54
775.0,2000.0,2018-04-10 17:18:34
775.0,2000.0,2017-02-04 15:51:34
775.0,1500.0,2015-07-16 15:29:12
775.0,1500.0,2018-02-05 12:16:10
775.0,1500.0,2015-04-11 18:50:33
777.0,75.0,2017-09-21 14:37:38
780.0,25.0,2018-05-08 14:11:49
781.0,250.0,2018-02-05 20:26:09
781.0,250.0,2018-01-27 21:21:08
781.0,250.0,2018-05-27 13:40:51
781.0,250.0,2018-01-04 11:30:24
782.0,25.0,2018-03-16 16:07:39
782.0,25.0,2018-02-10 21:29:17
783.0,50.0,2017-07-21 21:52:59
783.0,25.0,2016-10-09 20:49:56
783.0,25.0,2016-02-28 20:51:48
783.0,50.0,2016-12-21 15:04:09
783.0,50.0,2017-01-23 14:41:30
783.0,25.0,2017-07-15 18:55:21
783.0,25.0,2016-08-30 11:05:36
783.0,25.0,2016-01-27 15:18:40
783.0,25.0,2016-01-28 12:35:28
783.0,25.0,2016-08-23 18:40:51
783.0,25.0,2017-07-01 14:12:01
783.0,25.0,2016-09-12 17:38:04
783.0,25.0,2017-11-14 11:16:25
783.0,25.0,2017-11-12 21:46:59
783.0,50.0,2017-02-05 21:39:29
786.0,50.0,2015-11-21 13:25:06
786.0,25.0,2018-01-16 18:00:07
786.0,50.0,2018-05-28 15:58:17
786.0,25.0,2016-02-14 12:38:30
786.0,50.0,2016-11-07 15:31:03
786.0,25.0,2015-02-22 22:31:03
786.0,50.0,2015-06-09 21:27:33
786.0,25.0,2015-11-27 21:12:28
786.0,25.0,2017-12-07 14:43:12
786.0,25.0,2015-06-28 19:50:16
786.0,25.0,2018-01-29 21:21:56
786.0,25.0,2018-01-27 11:10:01
787.0,75.0,2017-11-14 20:11:21
788.0,25.0,2016-10-16 17:34:49
788.0,25.0,2017-12-31 15:58:53
788.0,25.0,2018-01-25 15:29:37
788.0,25.0,2017-05-07 16:55:14
788.0,25.0,2015-09-17 18:44:20
788.0,25.0,2017-03-18 17:19:01
788.0,25.0,2018-03-01 21:47:42
788.0,25.0,2016-11-22 22:48:17
788.0,25.0,2015-09-24 20:11:56
789.0,75.0,2018-04-12 12:48:44
789.0,50.0,2017-12-01 22:02:07
793.0,25.0,2016-10-04 19:31:42
793.0,25.0,2016-06-22 21:53:47
793.0,25.0,2016-01-14 16:17:09
798.0,50.0,2016-10-09 14:42:18
798.0,25.0,2017-02-06 22:42:34
798.0,25.0,2018-05-22 13:37:49
798.0,25.0,2017-01-30 21:13:07
799.0,25.0,2018-05-18 15:39:31
799.0,25.0,2018-05-03 17:15:33
800.0,25.0,2017-05-28 18:23:12
800.0,50.0,2017-10-22 21:29:27
801.0,50.0,2015-12-18 19:27:21
801.0,50.0,2017-12-23 12:42:01
801.0,50.0,2018-03-14 14:50:17
801.0,50.0,2018-02-18 17:19:33
801.0,50.0,2017-11-26 18:48:08
801.0,50.0,2016-06-04 14:05:17
801.0,50.0,2016-06-07 15:02:04
801.0,75.0,2017-06-30 12:08:38
801.0,50.0,2015-11-28 20:19:09
801.0,50.0,2017-08-25 17:50:08
801.0,50.0,2015-11-28 16:00:26
801.0,50.0,2016-07-19 14:59:01
803.0,25.0,2017-02-04 14:17:13
803.0,50.0,2018-05-30 13:10:27
803.0,25.0,2018-01-29 14:07:07
803.0,50.0,2017-12-06 14:41:46
805.0,25.0,2017-11-30 22:07:55
805.0,50.0,2017-05-13 21:09:30
805.0,25.0,2018-02-05 17:15:48
805.0,25.0,2017-05-11 13:41:49
805.0,25.0,2017-05-28 17:12:15
806.0,25.0,2017-04-12 21:58:04
806.0,25.0,2018-02-05 14:48:48
807.0,25.0,2017-07-03 13:39:35
807.0,25.0,2018-01-30 21:22:24
807.0,25.0,2018-01-16 19:17:48
811.0,50.0,2017-10-15 22:35:18
811.0,25.0,2016-10-26 18:30:35
811.0,25.0,2017-10-10 17:58:07
811.0,25.0,2017-03-09 21:49:11
811.0,25.0,2018-06-01 17:30:07
811.0,25.0,2016-07-27 20:14:40
812.0,50.0,2017-12-16 22:32:54
812.0,75.0,2018-03-01 19:55:23
812.0,50.0,2017-04-14 13:05:29
813.0,250.0,2018-02-27 17:56:10
816.0,25.0,2017-07-06 16:37:21
816.0,25.0,2017-02-12 20:07:45
817.0,25.0,2018-02-04 22:18:20
817.0,25.0,2018-04-14 12:32:28
817.0,25.0,2018-03-02 14:31:43
818.0,50.0,2017-04-23 18:48:34
818.0,25.0,2017-04-09 21:04:12
818.0,50.0,2018-01-16 15:24:43
818.0,50.0,2016-11-13 19:00:25
820.0,1500.0,2017-10-21 13:28:53
821.0,50.0,2016-05-01 22:06:58
821.0,25.0,2016-07-31 17:52:25
821.0,25.0,2017-09-18 11:55:14
821.0,25.0,2017-12-20 22:48:55
821.0,25.0,2015-09-01 12:59:55
821.0,25.0,2015-10-27 15:34:20
821.0,50.0,2016-10-03 21:07:08
821.0,25.0,2015-10-17 14:23:47
821.0,50.0,2017-02-14 15:24:46
821.0,25.0,2017-10-19 19:42:45
821.0,25.0,2018-03-25 16:59:52
821.0,50.0,2015-11-13 21:15:12
821.0,25.0,2016-12-18 14:41:48
821.0,50.0,2018-02-06 20:01:18
821.0,25.0,2016-07-09 18:28:17
821.0,25.0,2015-09-04 11:49:20
826.0,25.0,2017-07-22 14:24:50
826.0,25.0,2017-05-21 18:08:31
826.0,25.0,2017-05-09 17:27:32
826.0,25.0,2015-05-05 17:28:16
826.0,25.0,2015-04-19 17:33:07
826.0,25.0,2017-06-29 16:33:04
826.0,25.0,2015-07-13 16:01:50
826.0,25.0,2016-02-28 21:43:48
827.0,1500.0,2018-02-17 12:44:19
827.0,1500.0,2017-04-19 13:38:19
827.0,1500.0,2017-10-25 21:23:33
827.0,1500.0,2017-05-07 18:00:00
827.0,1500.0,2016-09-24 22:02:07
827.0,2000.0,2018-06-02 17:51:47
828.0,25.0,2017-09-26 11:12:34
828.0,25.0,2017-05-02 19:26:36
828.0,25.0,2016-09-10 15:12:09
828.0,25.0,2016-07-19 19:48:34
828.0,25.0,2017-08-20 15:07:20
828.0,25.0,2017-06-28 11:13:35
829.0,25.0,2017-07-28 20:41:04
829.0,25.0,2018-03-10 21:43:31
829.0,50.0,2017-11-01 12:17:33
831.0,500.0,2018-04-19 15:14:16
831.0,500.0,2018-04-22 13:51:53
831.0,250.0,2016-10-15 11:48:33
831.0,500.0,2016-11-28 14:00:13
831.0,500.0,2018-01-27 13:47:28
831.0,250.0,2018-02-15 22:52:05
832.0,25.0,2015-03-12 15:03:06
832.0,25.0,2015-05-12 11:16:03
832.0,25.0,2016-03-07 18:27:50
832.0,25.0,2015-08-27 16:42:26
834.0,25.0,2017-07-24 21:25:59
834.0,25.0,2016-09-03 17:45:48
835.0,500.0,2017-09-05 22:11:19
835.0,250.0,2018-06-01 21:26:45
835.0,250.0,2017-08-19 12:00:51
835.0,500.0,2018-04-21 11:00:09
835.0,250.0,2017-04-08 21:04:49
838.0,50.0,2017-02-26 18:22:20
838.0,25.0,2018-01-08 21:16:44
840.0,25.0,2016-11-15 11:17:36
840.0,50.0,2018-03-15 22:17:42
840.0,50.0,2017-11-28 15:53:25
840.0,25.0,2015-02-11 18:00:28
840.0,50.0,2017-09-16 19:59:07
840.0,50.0,2015-10-27 11:07:21
840.0,25.0,2016-09-19 22:16:25
840.0,50.0,2017-03-30 18:02:01
840.0,25.0,2017-12-01 16:41:03
840.0,25.0,2017-09-20 17:42:57
840.0,25.0,2016-10-16 13:11:34
840.0,25.0,2016-08-19 19:39:23
840.0,25.0,2015-12-10 12:18:12
840.0,25.0,2015-04-18 19:57:56
840.0,25.0,2018-01-08 14:22:32
840.0,25.0,2017-10-22 22:46:41
842.0,25.0,2017-12-23 13:21:38
842.0,50.0,2018-05-30 14:38:06
842.0,25.0,2017-09-15 21:56:44
842.0,50.0,2017-11-05 12:28:26
842.0,25.0,2017-05-28 11:42:26
842.0,50.0,2018-01-20 15:04:44
843.0,25.0,2017-04-28 21:36:08
843.0,25.0,2017-06-15 20:29:49
843.0,25.0,2017-05-04 16:30:18
843.0,50.0,2018-05-26 11:49:10
845.0,50.0,2018-05-19 11:31:39
845.0,25.0,2017-08-07 11:48:04
845.0,50.0,2018-06-01 21:14:12
845.0,25.0,2017-04-02 15:14:43
845.0,50.0,2017-10-09 13:51:50
845.0,50.0,2016-10-15 16:47:55
846.0,50.0,2016-10-20 21:47:21
846.0,25.0,2015-03-15 11:56:00
846.0,25.0,2016-10-05 22:20:32
846.0,25.0,2015-11-26 20:01:26
846.0,25.0,2018-04-27 15:49:29
846.0,50.0,2015-10-19 12:10:52
846.0,25.0,2017-08-28 22:42:12
846.0,25.0,2018-03-01 15:09:30
848.0,500.0,2017-01-05 14:23:02
848.0,250.0,2018-04-13 13:18:23
851.0,50.0,2015-04-11 16:49:16
851.0,25.0,2015-10-23 13:38:01
851.0,25.0,2015-11-17 22:40:36
851.0,50.0,2017-06-18 12:02:58
852.0,50.0,2016-07-27 18:39:31
852.0,25.0,2018-03-20 21:47:20
852.0,50.0,2017-12-05 22:55:50
852.0,25.0,2017-09-11 17:01:08
852.0,50.0,2016-09-15 13:09:33
852.0,25.0,2018-05-23 11:58:47
853.0,25.0,2018-01-06 15:39:26
853.0,25.0,2018-01-12 21:27:56
854.0,75.0,2017-10-08 17:48:24
854.0,75.0,2015-12-29 22:03:43
854.0,75.0,2016-05-18 14:29:05
854.0,75.0,2016-04-29 14:28:39
854.0,75.0,2017-02-14 19:30:32
854.0,75.0,2018-03-16 19:27:22
854.0,75.0,2015-10-24 11:35:42
854.0,100.0,2016-12-31 16:45:53
854.0,75.0,2015-05-17 16:18:57
854.0,100.0,2016-07-15 20:29:12
854.0,75.0,2016-07-18 13:30:33
854.0,75.0,2018-04-08 12:44:19
855.0,1500.0,2017-05-29 19:00:51
855.0,1000.0,2017-11-16 12:55:37
855.0,1000.0,2018-05-25 16:11:16
855.0,1500.0,2015-09-03 16:27:52
855.0,1000.0,2015-06-02 16:48:37
855.0,1000.0,2017-04-06 13:57:29
856.0,500.0,2018-04-04 19:45:33
856.0,500.0,2017-11-28 15:32:37
856.0,1000.0,2018-01-31 19:48:07
859.0,1000.0,2017-11-02 19:13:27
859.0,500.0,2018-05-17 16:55:12
860.0,50.0,2017-02-10 19:25:36
860.0,50.0,2017-07-11 19:21:31
861.0,500.0,2017-06-23 17:16:37
861.0,500.0,2017-09-16 19:02:51
861.0,500.0,2017-05-31 17:29:26
861.0,500.0,2017-07-10 11:31:22
863.0,25.0,2018-05-12 13:47:39
863.0,25.0,2016-06-08 22:06:54
863.0,25.0,2017-03-23 19:59:46
863.0,25.0,2018-05-05 19:15:33
864.0,1000.0,2017-07-26 21:20:16
864.0,1000.0,2017-01-24 18:26:57
864.0,1000.0,2018-04-25 21:17:57
864.0,1000.0,2015-10-18 11:31:24
864.0,1500.0,2017-11-24 20:11:12
864.0,1000.0,2015-10-12 12:32:07
866.0,50.0,2017-09-03 20:13:35
866.0,50.0,2015-09-16 11:42:23
866.0,50.0,2017-11-25 17:33:33
866.0,50.0,2015-04-29 16:34:23
866.0,25.0,2016-03-09 17:02:02
866.0,25.0,2015-11-03 20:07:01
866.0,25.0,2018-01-22 16:13:47
866.0,50.0,2016-01-04 22:52:08
866.0,25.0,2015-11-04 12:56:49
866.0,25.0,2016-12-07 15:39:12
866.0,50.0,2018-03-16 18:20:30
866.0,50.0,2015-06-03 19:43:59
866.0,50.0,2017-07-03 21:00:42
866.0,25.0,2018-05-10 17:13:25
866.0,25.0,2016-06-20 17:45:16
866.0,25.0,2017-02-26 18:27:56
868.0,250.0,2018-02-14 18:23:07
868.0,250.0,2017-09-27 18:31:43
872.0,25.0,2018-03-26 14:10:42
872.0,25.0,2017-09-18 12:16:13
873.0,25.0,2017-09-12 17:02:11
873.0,25.0,2017-05-25 13:02:00
873.0,50.0,2015-09-08 16:58:00
875.0,25.0,2017-08-05 19:05:46
875.0,50.0,2016-08-09 15:50:12
875.0,25.0,2018-01-10 17:20:38
875.0,25.0,2016-12-09 12:35:21
875.0,50.0,2017-02-27 12:39:34
875.0,25.0,2017-07-07 18:51:29
875.0,25.0,2016-12-24 13:04:59
875.0,25.0,2016-04-28 20:46:26
875.0,50.0,2015-12-23 15:26:23
875.0,50.0,2018-05-27 22:59:59
875.0,25.0,2015-06-05 12:20:21
875.0,50.0,2015-05-10 20:34:28
878.0,25.0,2018-04-19 19:49:59
879.0,75.0,2017-06-21 18:06:06
879.0,75.0,2018-01-03 20:40:54
879.0,100.0,2017-10-19 11:11:20
879.0,75.0,2017-08-20 12:28:08
880.0,50.0,2015-11-22 20:20:59
880.0,25.0,2015-11-14 15:07:49
880.0,25.0,2017-08-28 21:33:20
880.0,50.0,2017-01-15 22:37:27
880.0,25.0,2015-09-11 17:05:23
880.0,50.0,2015-12-26 17:42:05
880.0,50.0,2015-02-15 12:15:04
880.0,25.0,2016-04-02 18:05:10
881.0,25.0,2017-12-03 21:24:16
881.0,25.0,2015-03-28 11:25:34
881.0,25.0,2015-03-17 16:30:45
881.0,50.0,2016-10-21 11:58:57
881.0,25.0,2016-03-29 17:26:37
881.0,25.0,2016-08-03 11:06:29
881.0,25.0,2016-12-15 22:33:00
881.0,25.0,2015-10-20 13:08:18
886.0,25.0,2016-04-12 21:26:10
886.0,25.0,2016-01-13 18:33:54
886.0,50.0,2016-01-02 17:30:11
886.0,25.0,2017-01-22 12:20:36
887.0,1500.0,2016-07-09 12:47:34
887.0,1500.0,2017-10-28 12:38:22
887.0,1500.0,2017-06-07 20:55:16
887.0,1500.0,2016-06-03 21:55:39
888.0,2000.0,2018-02-18 20:07:21
888.0,2000.0,2017-10-17 16:47:23
888.0,1500.0,2018-01-24 20:12:11
888.0,1500.0,2017-05-12 18:45:51
890.0,50.0,2016-10-18 18:10:14
890.0,25.0,2018-01-11 14:21:53
890.0,25.0,2016-11-04 22:15:31
890.0,25.0,2017-05-21 11:58:49
890.0,25.0,2016-09-28 14:06:04
890.0,25.0,2017-09-18 21:17:01
890.0,25.0,2017-11-30 12:23:37
890.0,50.0,2017-12-14 19:40:07
891.0,100.0,2018-01-27 18:50:59
894.0,100.0,2018-04-09 20:11:59
897.0,50.0,2015-08-24 11:23:10
897.0,25.0,2017-05-20 20:38:46
897.0,50.0,2017-12-17 15:49:40
897.0,25.0,2017-11-06 11:16:14
897.0,50.0,2017-12-01 19:49:07
897.0,25.0,2018-05-24 16:53:25
898.0,25.0,2017-09-05 21:56:46
898.0,25.0,2015-09-18 20:42:23
898.0,25.0,2018-04-11 14:50:24
898.0,25.0,2018-04-09 13:11:43
898.0,25.0,2017-06-15 21:02:54
898.0,50.0,2017-06-01 11:03:22
898.0,50.0,2017-04-04 13:32:13
898.0,25.0,2015-07-08 13:09:33
901.0,50.0,2018-05-28 11:00:41
901.0,50.0,2018-05-26 12:24:47
901.0,50.0,2018-02-11 21:33:29
902.0,25.0,2018-01-01 13:53:30
902.0,25.0,2017-07-10 20:44:52
902.0,25.0,2016-02-16 16:58:07
902.0,25.0,2016-08-06 22:13:18
902.0,25.0,2018-04-06 22:49:36
902.0,25.0,2018-05-03 13:19:48
904.0,500.0,2017-11-06 21:07:57
904.0,250.0,2017-11-03 11:12:13
905.0,50.0,2017-03-26 21:07:54
905.0,50.0,2017-07-27 13:12:41
905.0,75.0,2018-03-21 15:31:51
905.0,50.0,2018-04-17 18:56:07
905.0,75.0,2017-08-27 22:00:09
907.0,25.0,2018-05-28 20:12:17
907.0,50.0,2017-10-11 20:29:02
908.0,100.0,2017-12-11 16:21:07
908.0,100.0,2017-08-11 22:33:54
908.0,100.0,2018-03-15 13:07:06
909.0,25.0,2016-07-17 15:45:57
909.0,25.0,2015-04-07 19:33:49
909.0,25.0,2015-06-06 20:43:54
909.0,25.0,2017-03-09 18:19:30
910.0,100.0,2016-10-20 22:22:50
910.0,75.0,2018-02-05 22:25:20
910.0,75.0,2016-05-19 20:43:46
910.0,100.0,2018-04-24 15:20:57
910.0,100.0,2016-09-01 20:25:31
910.0,75.0,2016-06-03 16:38:26
910.0,75.0,2015-10-10 21:06:43
910.0,75.0,2016-10-21 20:56:32
911.0,25.0,2017-09-28 12:45:14
911.0,50.0,2016-11-18 18:54:38
912.0,250.0,2016-03-02 22:37:32
912.0,100.0,2017-06-26 16:04:55
912.0,100.0,2017-09-15 12:08:16
912.0,250.0,2017-03-10 17:49:05
912.0,250.0,2018-01-05 19:26:52
912.0,250.0,2017-12-04 15:55:12
912.0,100.0,2017-10-20 11:59:47
912.0,100.0,2016-03-21 11:12:48
912.0,100.0,2017-09-30 14:32:56
912.0,250.0,2017-10-22 21:44:26
913.0,50.0,2016-03-11 22:29:23
913.0,25.0,2017-02-22 15:58:30
913.0,25.0,2017-08-15 19:28:47
913.0,25.0,2015-05-22 18:00:36
915.0,50.0,2015-12-14 20:39:40
915.0,25.0,2015-06-22 19:17:29
915.0,50.0,2016-08-21 16:14:28
915.0,25.0,2016-03-21 20:11:15
915.0,25.0,2016-01-20 20:29:34
915.0,50.0,2017-04-20 16:10:22
915.0,25.0,2016-08-07 16:32:26
915.0,25.0,2017-12-16 13:34:42
917.0,25.0,2017-11-05 12:28:34
918.0,1000.0,2017-02-08 13:20:19
918.0,1000.0,2017-07-07 12:37:36
918.0,1500.0,2016-11-25 20:01:59
918.0,1000.0,2017-01-27 15:47:35
922.0,250.0,2017-06-20 15:41:29
922.0,100.0,2018-03-18 19:01:22
925.0,50.0,2017-06-11 20:48:26
925.0,25.0,2017-12-27 20:10:24
925.0,50.0,2018-03-13 15:40:56
925.0,25.0,2017-08-10 20:51:03
925.0,25.0,2017-08-10 18:58:08
925.0,50.0,2018-05-05 16:41:01
925.0,25.0,2017-07-18 13:42:07
926.0,100.0,2016-06-27 11:17:16
926.0,100.0,2016-11-19 12:12:19
926.0,100.0,2018-04-26 14:18:34
926.0,75.0,2017-03-30 11:56:13
926.0,100.0,2016-08-22 22:02:15
926.0,75.0,2017-09-13 18:06:59
926.0,75.0,2015-04-03 18:13:48
926.0,75.0,2017-01-21 19:19:49
926.0,75.0,2017-11-14 16:10:09
926.0,75.0,2018-04-02 11:48:06
926.0,100.0,2015-09-05 12:12:59
926.0,100.0,2016-09-02 15:29:17
926.0,100.0,2016-09-08 22:04:01
926.0,75.0,2018-05-18 19:55:48
926.0,100.0,2016-01-23 15:00:56
926.0,75.0,2018-04-26 19:36:32
929.0,1000.0,2017-10-24 20:42:31
929.0,500.0,2015-12-21 21:25:20
929.0,500.0,2017-11-20 18:25:06
929.0,500.0,2015-08-27 15:15:44
929.0,500.0,2016-09-24 14:33:21
929.0,500.0,2015-12-05 16:51:53
929.0,1000.0,2018-04-06 21:09:06
929.0,1000.0,2016-10-22 14:30:22
929.0,500.0,2017-03-23 20:06:49
930.0,75.0,2017-10-15 19:16:24
930.0,75.0,2017-08-16 11:18:55
930.0,75.0,2018-04-12 21:11:48
930.0,75.0,2017-09-11 22:49:20
934.0,25.0,2018-03-14 11:31:49
938.0,75.0,2017-04-17 11:35:00
938.0,75.0,2018-03-10 22:16:35
939.0,50.0,2018-01-13 13:55:18
940.0,25.0,2017-09-23 19:55:58
940.0,25.0,2017-10-08 11:12:11
942.0,500.0,2018-01-20 19:51:15
942.0,1000.0,2017-09-25 16:35:27
942.0,1000.0,2018-05-01 15:02:42
944.0,25.0,2017-11-10 22:09:25
944.0,25.0,2017-04-12 13:21:56
944.0,25.0,2017-10-02 15:31:38
944.0,25.0,2018-02-06 19:09:31
944.0,25.0,2017-12-12 20:22:15
944.0,50.0,2016-11-15 14:15:29
948.0,500.0,2017-04-21 14:08:03
948.0,1000.0,2017-08-01 11:02:02
948.0,500.0,2017-07-10 20:01:00
948.0,500.0,2016-06-13 17:28:41
948.0,500.0,2016-09-15 18:01:52
948.0,500.0,2017-08-14 20:24:57
952.0,50.0,2018-01-24 12:44:08
952.0,25.0,2018-06-02 19:31:04
953.0,25.0,2015-12-01 11:07:04
953.0,25.0,2017-05-07 20:30:39
953.0,50.0,2018-03-09 11:53:03
953.0,25.0,2017-02-16 21:42:02
954.0,25.0,2017-07-31 17:24:18
954.0,25.0,2018-01-15 15:27:27
954.0,50.0,2015-07-17 19:27:43
954.0,25.0,2017-04-03 22:11:31
954.0,50.0,2016-10-22 20:25:07
954.0,50.0,2016-06-06 15:21:38
954.0,25.0,2015-04-23 20:30:21
954.0,50.0,2015-07-27 13:26:57
954.0,25.0,2018-05-18 18:21:01
954.0,25.0,2017-09-25 20:43:28
954.0,25.0,2016-01-16 13:14:19
954.0,25.0,2017-11-11 11:45:49
954.0,50.0,2016-10-10 13:29:24
954.0,25.0,2016-10-13 13:47:09
954.0,50.0,2015-11-11 16:11:57
954.0,50.0,2017-02-23 22:48:26
954.0,25.0,2018-04-24 18:57:43
954.0,50.0,2017-03-30 19:37:41
954.0,25.0,2017-08-24 12:46:34
954.0,25.0,2017-05-20 11:19:29
954.0,50.0,2015-07-11 21:22:14
954.0,50.0,2016-07-25 21:16:24
954.0,25.0,2016-07-18 17:44:37
954.0,25.0,2018-02-18 12:00:58
956.0,25.0,2017-05-16 12:56:17
956.0,50.0,2017-09-29 13:19:40
956.0,25.0,2017-07-17 11:12:08
957.0,25.0,2018-02-21 20:06:00
957.0,50.0,2017-02-24 15:54:51
957.0,25.0,2017-04-16 20:08:19
957.0,25.0,2017-05-16 12:24:26
957.0,50.0,2016-11-04 15:05:05
957.0,25.0,2018-04-29 14:36:58
957.0,50.0,2016-11-21 22:01:24
957.0,25.0,2017-10-20 12:46:24
958.0,500.0,2017-12-15 19:39:09
958.0,1000.0,2018-06-02 16:51:09
961.0,25.0,2018-02-25 17:33:33
961.0,25.0,2018-02-15 21:50:34
962.0,50.0,2017-08-27 16:39:56
962.0,50.0,2015-08-20 17:45:13
962.0,25.0,2017-01-24 20:29:39
962.0,25.0,2016-08-05 15:08:39
962.0,25.0,2017-12-22 11:22:07
962.0,25.0,2016-08-24 22:01:43
962.0,25.0,2015-11-02 12:15:26
962.0,50.0,2015-10-11 12:08:38
963.0,50.0,2016-07-30 11:35:50
963.0,50.0,2015-05-05 12:12:40
963.0,50.0,2015-07-06 18:37:00
963.0,50.0,2017-11-18 20:12:12
964.0,25.0,2017-04-29 20:17:45
964.0,25.0,2015-09-17 15:17:40
964.0,50.0,2015-07-19 22:26:20
966.0,25.0,2018-02-14 16:08:11
966.0,25.0,2018-03-16 22:59:10
966.0,50.0,2016-10-10 12:51:58
966.0,50.0,2018-02-12 13:45:08
968.0,25.0,2018-02-12 21:08:22
968.0,25.0,2017-02-15 13:50:26
968.0,50.0,2016-06-28 18:11:30
968.0,25.0,2017-10-03 16:29:22
968.0,25.0,2015-07-08 12:18:46
968.0,50.0,2017-02-20 11:18:49
968.0,25.0,2015-03-13 19:48:36
968.0,25.0,2016-04-10 15:44:02
968.0,25.0,2015-06-12 18:37:09
968.0,50.0,2015-09-22 22:00:38
968.0,25.0,2015-08-14 16:12:02
968.0,25.0,2017-12-04 20:54:26
968.0,25.0,2015-02-13 12:25:10
968.0,25.0,2017-08-12 15:24:33
968.0,50.0,2017-04-05 12:02:17
968.0,25.0,2016-02-22 18:45:14
970.0,25.0,2015-07-28 16:21:23
970.0,50.0,2016-11-21 17:48:33
970.0,50.0,2015-08-17 17:54:51
971.0,50.0,2017-04-28 20:15:44
972.0,25.0,2018-04-11 16:09:29
972.0,50.0,2017-09-27 13:43:11
973.0,1000.0,2017-08-20 16:56:39
974.0,25.0,2016-06-16 15:36:24
974.0,25.0,2017-09-29 15:16:31
974.0,25.0,2016-06-02 21:52:44
974.0,25.0,2016-08-18 22:04:07
974.0,50.0,2017-09-11 15:30:13
974.0,50.0,2016-04-04 17:08:52
975.0,1500.0,2017-12-19 20:54:52
975.0,2000.0,2017-05-28 21:52:32
975.0,1500.0,2017-02-23 19:25:42
975.0,2000.0,2015-12-24 15:19:20
977.0,50.0,2017-08-15 18:00:50
979.0,25.0,2017-12-08 12:56:38
980.0,1000.0,2017-02-19 16:42:19
980.0,1000.0,2017-10-29 13:17:44
980.0,1000.0,2018-05-25 21:46:53
980.0,500.0,2018-03-27 22:13:38
981.0,2000.0,2016-11-07 21:15:12
981.0,1500.0,2017-01-04 17:42:56
982.0,25.0,2015-04-13 11:01:02
982.0,25.0,2016-12-11 16:10:33
982.0,50.0,2015-11-09 22:44:13
984.0,50.0,2018-04-27 11:24:20
987.0,50.0,2016-09-29 21:59:35
987.0,25.0,2017-02-28 14:20:04
987.0,25.0,2017-06-04 14:13:12
987.0,50.0,2016-12-02 19:51:00
987.0,25.0,2016-11-19 11:18:47
987.0,25.0,2017-07-23 22:12:53
988.0,25.0,2018-03-11 11:16:09
989.0,500.0,2017-07-03 14:55:04
989.0,500.0,2018-05-16 12:16:43
